ank	अंक
anka	आंका
ankit	अंकित
anakon	अनाकों
ankhon	अंखों
ankon	अंकों
angkor	अंगकरर
ankor	आंकोर
angaarak	अंगररक
angarak	अंगररक
angraji	अंग्रजी
angreji	अंग्रेजी
angrzi	अंगररजी
antah	अंताह
antaha	अंतहह
antarmukh	अंतर्मूख
antmurkh	अंतरमर्ख
antrmukh	अंतर्मूख
andrabee	अंदरबबी
andrabi	अंदराबी
andha	अंधा
andhapan	अंधपान
andheri	अंधरी
ambaani	अमबानी
ambani	अमबानी
akram	अक्रम
acapulco	अकापुल्क
akapulko	अकापुलको
akhand	अखांड
akhil	आखिल
agavai	अगवाई
agvaai	अगवाई
augustine	अगस्टिनीन
augustustine	अगस्ट्पस्टिन
agsta	अग्स्त
agusta	अगुस्त
augusta	अगुस्ता
agr	अर्र
agra	आगरा
achambha	आचंभ
achanbha	आचंभ
achievement	अचीवेममेंट
achivement	अचिवेमेंट
acchi	अच्छी
achchi	अच्छी
achhi	अछी
achyut	अच्युत
achhanera	अच्नेरा
achnera	अच्नेरा
ajmeedh	अजममद
ajhar	अझर
azhar	आझरर
ajit	अजीत
agnat	अज्ञत
agyaat	अज्ञात
agyat	अज्ञात
atakta	अतक्ता
atkata	अतकता
atake	अटकके
atke	अटके
atwaal	अत्वाल
atwal	अत्वल
attahasa	अत्रासा
atthaas	अट्छास
atthas	अट्छास
addon	अड्ोो
athak	अथक
atharv	अठररव
atharva	अठरवा
adad	अदाद
adaani	अदानी
adani	अदानी
advait	अदवातत
adwait	अदवाति
advaitvaad	अद्वततवाद
advaitwad	अद्वततवाद
adhivas	अधिवास
adhiwas	अधिवास
advivas	आद्विशास
adhiik	अधिक
adhik	अधिक
adhyayanarat	अध्ययनरर
adhyayanrat	अध्ययनररत
adhyaynrat	अध्ययनररत
anant	अनंत
ananti	अनातति
angadh	अंगढ़
angarh	अंगर्ह
anchahe	अंचाह
anthak	अंठक
unthak	उंठक
anhoni	अन्होनी
anaavashyak	अनावश्यक
anavashyak	अनावश्यक
anavshyak	अनावश्यक
anawashyak	अनावश्यक
anik	अनिक
anishwarvadi	अनिश्वरावादी
anishwarwadi	अनिश्वरावादी
anukoltha	अनुकलोता
anukulata	अनुकुलता
anukulta	अनुकुलता
anuchit	अनुचित
anuprayogi	अनुप्रयोगी
anuprayogon	अनुप्रयोगों
anupryogon	अनुप्रयोगों
anureet	अनुरीत
anurit	अनुरित
anuthi	अनुठी
anudit	अनुदित
anyaay	अन्याय
anyay	अन्यय
anyaya	अन्याय
apnani	अपनानी
aparivartanshali	अपरिवर्तनशाली
aparivartansheel	अपरिवर्तनशील
aparivartanshil	अपरिवर्तनशील
apariharya	अपरिहार्य
aprihary	अपरिहार्य
apriyary	अपरियारीय
apavartit	अपवर्तित
apvartit	अपवर्तित
apvtrit	अपव्ररित
apaardarshi	अपरदर्शी
apardarshi	अपरदर्शी
afroj	अफरजज
afroz	अफ्रजज
africa	अफ्रिका
abbaasi	अब्बससी
abbasi	अब्बससी
abhimat	अभिमत
abhishap	अभिषपा
abhi	अभी
amjhera	अमझेरा
amzera	अमेजरा
amargad	अमरगदद
amargarh	अमरगगढ़
amarpaal	आमरपााल
amarpal	आमरपपाल
amarohi	अमरोही
amrohi	अमरोही
amaanat	अमानत
amanat	अमानत
amanth	अमंत
amaanati	अमानती
amanathi	अमानथी
amanati	अमानती
amavasya	अमावस्य
amavsya	अमवव्य
amit	अमिट
amitao	अमिताओ
amitav	अमिताव
amuk	आमुक
amogh	अमोग
ambani	अमबानी
ayodhyaanaath	अयोद्यनाथ
ayodhyanaath	अयोद्यनाथ
ayodhyanath	अयोद्यनाथ
ayodhyeanath	अयोद्यननाथ
aradas	आरदास
ardaas	अरदास
ardas	अर्दस
arabab	अरबब
arbab	अरबब
around	अराउंड
arjent	अर्जेंट
urgent	अर्जेंट
arth	आर्थ
artha	आर्थ
earth	आर्थ
earthquake	इर्थक्विक
arthon	आर्थों
arpit	आरपपित
aryama	आर्यमा
aryma	आर्यमा
arymaa	आर्यमा
alankaar	अलंकर
alankar	अलंकर
alnkaar	अलंकर
alankaaron	अलंकारों
alankaron	अलंकररों
alnkaaron	अलंकारों
alnkaron	अलंकरों
alagavavadi	अलगववादी
algavvadi	अल्गववादी
algavwaadi	अल्गववादी
alive	अलीव
alance	एलेंस
alayans	अलयांस
aliance	एलियमस
alind	अलिंद
alai	लाई
ali	एली
alii	एली
alonso	एलोंसन
aloso	आलोसो
alphabet	अल्फबेे
alba	अलबब
avantipur	अवंतिपुर
awantipora	अवंतिपोरा
avaru	आवरू
avru	आवरू
awaru	आवरूष
avarodhak	अवरोधक
avrodhak	अवरोधक
avrodhk	अवरोधक
avarnata	अवर्णता
avarnataa	अवर्णता
avranta	अवरांता
avashist	अवशिस्ट
avshisht	अवशिष्ट
awashist	अवशिस्ट
avasthaayen	अवस्थाएं
avsthaen	अवस्थाएं
avsthayen	अवस्थाएं
awasthaen	अवस्थाएं
avi	ववी
avika	अविका
aviral	अविराल
avirl	एविर्ल
avishvaasniy	अविश्वासनीय
avishvasniy	अविश्वासनीय
avishvasniya	अविश्वासनय
avisvasniya	अविश्वासनय
aviva	विव्
avaigyanic	अवैज्ञानिक
avaigyanik	अवैज्ञानिक
avegyanik	अवैज्ञानिक
ashaktataa	आशक्तता
ashktta	आश्कता
asharaphi	अशाराफी
ashrafi	अश्रफाी
ashariri	अशररिरी
ashriri	अश्रिरी
ashrvatath	अश्रव्ता
ashvtth	अश्वत्थ
asamaany	असममान्य
asamany	असममन्य
asmanye	असमान्य
asaamnjsy	असंमंस्य
asamanjasy	असमजंस्य
asamanjasya	असमजजस्य
asurakshit	असुरक्षित
asurkshit	असुरक्षित
aset	एसेट
asset	एसेट
asvabhavik	अस्वाभाविक
aswabhavik	अस्वाभाविक
aswbhavik	अस्वभाविक
ahirauli	अहिरौली
item	इटेम
items	इटेम्स
idle	आडडल
idol	आइडल
icc	आईसससी
iso	आइसो
ipc	आईपीसी
ipad	ईपाद
iris	इरिस
ounce	आउंस
aakaash	आकाश
aakash	आक्श
aake	आके
aakhet	आखेत
akhet	अखेत
aagat	अगत
aagaman	आगममन
aagman	आगममन
aagaa	आगा
aagah	आगह
agha	आगा
aagaashe	आगाशे
aagashe	आग्शे
agashe	अग्शे
aajmaanaa	आजमाना
aajmana	आजमाना
aazmaanaa	आजमाना
aata	आता
ata	अता
atta	अत्ता
aatmayen	आत्माएं
atmaen	आत्माएं
aadaan	आदान
aadan	आदन
aadhaarit	आधारित
aadharit	आधारित
adharit	अधारित
aadheen	आधीन
aadhin	आधीन
aadhunik	आधुनिक
aanad	आनद
aanand	आनंद
anand	आनंद्
aapka	आपका
aapkaa	आपका
aapadaaaen	आपदाएं
aapdaein	आपदाएं
aapdayein	आपदाएं
aabantit	आबंतित
abantit	अबांतित
aabru	आब्रु
abaru	अबरूू
aamdan	आमदान
amadan	अमदान
aamdani	आमदानी
amadani	अमदनी
aamdi	आमड़ी
amdi	अमड़ी
aamod	आमोद
amod	अमोद
aayenge	आयेंगे
aayojak	आयोजक
ro	रो
rp	रप्
aaraam	आराम
aaram	आरमम
aram	अरम
aarushi	आरूषी
arushi	अरूषी
artery	आर्टी
order	ऑर्डर
aary	आर्य
aarya	आर्य
arya	आर्य
aaryika	आर्यिका
aryika	आर्यिका
aarya	आर्य
arya	आर्य
aryo	आर्य
aaryan	आर्यन
arya	आर्य
aryon	आर्यों
aalsi	आलसी
alasi	आलससी
aalochak	आलोचक
alochak	आलोचक
aalochakon	आलोचकों
alochakon	आलोचकों
aalha	आल्हा
aalhaa	आल्हा
alha	अल्हा
allah	अल्हाह
aawaazen	आवाजें
aawajen	आवाजें
awaazen	आवाजें
awazen	आवाजें
aawajon	आवाजों
aawazon	आवाजों
awaazon	आवाजों
awazon	आवाजों
aavishakaar	आविश्कार
aavishkaar	आविष्कार
avishkar	आविष्कार
aavriti	आवृति
aavritti	आवृत्ति
avuti	आवूति
aavritiyon	आवृतियों
aavrittiyon	आवृत्तियों
avrutiyon	आवृत्यियों
aashanka	आशंका
ashanka	अशंका
aashriton	आश्रितों
ashriton	अश्रिटों
aasaan	आसना
aasan	आसन
asan	असन
aastik	आस्तिक
astik	आस्तिक
aasteen	आस्तीन
aastin	आस्टिनन
astin	एस्टिन
aahnaan	आहनान
aahnan	आहनान
ahyan	आह्यान
england	इंग्लैंड
engineer	इंजीनियर
introduction	इंट्रोक्शशशन
insurance	इनसुरेंस
ear	यर
eyer	यर
eon	आयं
iaan	आयन
ekattha	इकट्ठा
ikattha	इकट्ठा
ekatthi	इकट्ठी
ekthi	इक्टी
ikatthi	इकट्ठी
ekaee	ईकाई
ikai	इकाई
ekaeyon	इकाइयों
ikaiyon	इकाइयों
ikarion	इकारियों
economic	इकोनोमिक
ecuador	इक्युडेर
equador	एक्वुडार
equities	इक्विटिज
ikvitija	इक्तितीजा
ijaajat	इजाज़त
ijajat	इजाजत
inhalation	इन्हालेशन
inhaletion	इन्हालेशन
ibija	इबिजा
ibiza	इबीबा
imaging	इमैजिंग
immune	इम्यून
elaichi	इलेची
ilaichi	इलाची
ilayachi	इलायची
ilayichi	इलायिची
elaaj	इलाज
ilaaj	इलाज
ilaj	इलाज
ishaak	इशाक
ishaaq	इशाक
ishak	इश्क
ishaara	इशारा
ishaaraa	इशारा
ishara	इशरर
ishita	इशिता
isht	ईष्ट
isteefe	इस्टीफे
istife	इस्टीफाफ
ea	ई
ia	ईए
eater	ईटर
iter	इटर
email	इमैल
emailon	इमैलों
emelon	इमललं
evening	इवेनिंग
east	ईस्ट
ishat	इश्ट
isht	ईष्ट
isaaiyon	ईसाईयों
isaiyon	ईसाईयों
isayiyon	ईसाईयों
ikhrul	इखरूल
ukhrool	उखूरल
ukhrul	उखरूल
uchhalane	उछललने
uchhalne	उछलले
ujback	उज्बबकक
uzbek	उज््बकक
uthane	उठाने
uthne	उठने
uthaakar	उठाकर
uthakar	उठाकर
uthaapatak	उठापत्क
uthapatak	उठापतक
uthen	उठाएं
udaan	उडान
udan	उड़न
udaanaa	उड़ना
udana	उड़ना
udaane	उड़नने
udane	उड़ने
udaanen	उड़ननें
udanen	उड़नें
udaanon	उडानों
udanon	उड़नों
utane	उतने
utaney	उतने
utne	उतने
uttara	उत्रर
uttra	उत्तरा
utpan	उत्पान
udant	उदानत
udghosh	उद्घोष
udar	उदार
uda	उड़ा
udaa	उड़ा
udakishuganj	उद्यिषिगगंज
udakishunganj	उद्यिषिंगंज
unatees	यूनाटिस
untees	अंतीस
uniyal	यूनियल
upadraviyon	उपाद्रवियों
updravion	उप्ररववियं
updraviyon	उप्ररववियों
upadravi	उपद्रवी
updravi	उपप्रवी
upadrawon	उपद्रवों
updravon	उपप्रवाोों
upneta	उपनेता
upabhokta	उपभोक्त
upbhokta	उपभोक्त
uplaksh	उपलककषष
uplakshay	उपलाक्षय
uplakshya	उपलाक्ष्य
uplabdh	उपलब्ध
uplabdhiyon	उपलाब्धियों
uplabdhi	उपलाब्धि
upakhyaanon	उपाख्यानों
upakhyanon	उपाख्यानों
ubuntu	उबंुुत
ubaal	उबाल
ubal	उबलल
ubhaara	उभारा
ubhara	उभरा
umanath	उम्नाथ
umesh	उमेश
urf	उर्फ
urfa	उरफा
urff	उर्फ
urvarakon	उर्वारकों
urvarkon	उरवारकों
urwarakon	उर्वारकों
urvarata	उरवारता
urvarta	उरवर्ता
urwarta	उरवारता
ulate	उलते
ulte	उल्टे
ulahana	उलाहना
ulahna	उलाहन
ulema	उलेमा
ulemaon	उल्लेमन
usak	उसक
usaki	उसकी
uski	उसकीी
usmein	उसममें
usmen	उस्में
usi	उूसी
ustara	उस्तरा
udharv	उधररवव
udhrva	उधर्व
urdhav	उर्धाव
ushma	उष्मा
rishicool	रिशिकूल
rishikul	ऋषिकुलल
rushikul	ऋषिकुलल
enzyme	इंज्यम
anton	एंटन
entone	इंटोन
antoni	अंटोनी
antony	अंटोनी
endometrial	एंडोमेट्रियल
andreas	एंड्रीश
als	अल्स
asi	अीी
eksaath	एकसाथ
eksath	एक्सथ
ekaki	एकाकी
xm	क्रीम
egmor	एगमर
egmore	इग्मोर
aj	अज
agende	एजेंडे
adp	एड्प
adain	अदानन
aden	अड़
edan	ददन
addi	अद्डी
eddi	एडिडी
eddie	एडिड
eddy	एड्डी
apj	अपज
ftii	फ्ीी
abbott	अब्बटट
abut	आबुट
ebt	एब्ट
abvp	अब्वी
abbot	अब्बटट
abbott	अब्बटट
mta	मटा
mtake	मटेक
mtec	मेटर
mtech	मेटक
emerald	इमरफल्ड
emrald	इमरलल्ड
emil	एमिल
emile	एमिले
emily	एमिली
amy	अम्य
emi	एमी
airway	एयरवा
eyarave	ययरवे
eyarve	यररव
error	एरर
arica	अरिका
erica	एरिका
erika	एरिका
aerobic	एयरबोक
aerobics	एयरबोब्स
lte	लेट
lti	लटी
allergic	एलग्रिक
eliminator	एलिमिनेटर
aliens	एलियस
alliance	एलियास
asian	शियां
sfc	सफप्
sk	स्क
spf	सपपरर
association	एसोसिएशन
astar	अस्तर
aster	एस्टर
ester	ईस्टर
aesthetics	एस्टेटिक्स
asthetic	एस्थेटिक
asfalt	एसफाल्ट
asphalt	एस्फलल
asphault	एस्फोलट
ahsaas	अहसास
ehsaas	हहससस
ehsas	हहससस
aisa	एशा
eesa	ईसा
ainth	ऐंठ
end	ईंद
enth	ऐंठ
ainthey	ऐंठे
enthe	ऐंठे
aithan	ऐंठन
ethan	ऐठन
ethhan	ऐंठन
ail	एल
el	एल
alaps	अलाप्स
alps	अल्प्स
aise	एसे
oxide	ऑक्सीडेड
oxy	ऑक्सी
offers	फफर्स
offshor	ऑफरोश
offshore	ऑफफोर
official	ऑफिशियल
okalahoma	ओकलोहमम
oklahoma	ओक्लोहम
oklahoma	ओक्लोहम
ot	टट
opel	ऑपेल
obrayan	ओब्रायन
obrien	ऑब्रियन
oran	ररन
orian	ओरियन
orion	ओरियों
olavrishti	ओलवर्षिटि
ovum	ओवमम
owem	ओवम
oceanic	ऑसेनिक
osaka	ओसका
auchity	औचित्य
auchitya	औचित्या
audhyogikaran	औद्योगिकरण
audyogikarana	औद्योगिकरण
audyogikikaran	औद्योकिकररण
aurangabad	औरंगाबाद
aurora	अरोरा
aulakh	औलक
kankad	कंकड़
kankar	काककर
kankad	कंकड़
kankar	काककर
kangan	कंगगन
conjunction	कंंज्कशशन
contemporary	कंटटपपररीी
kanthahar	कंठहर
kanthhar	कंठर
composer	कंपोरर
kambalon	कांबलों
kanblon	कांबलों
consultant	कंसुल्लेंट
kakkad	कक्कड़
kakkar	कक्कर
kacche	कच्चे
kachche	कच्चे
karta	करता
katra	कत्र
cutlery	क्टली
katlari	कत्लारी
katlary	कटलररर
katasaraj	कतासराज
kathfodave	कथोफोड़व
kathfodve	कथोफोड़व
kathor	कथोर
kathore	कठोरे
kanika	कणिकक
kathai	कथाई
katthai	कट्ठाई
katthaii	कट्थाई
convention	कन्वेशन
canals	कैनल्स
kanaal	कनाल
kanal	कनाल
kanindham	कनिणडम
kaningham	कानिंघम
kanishthika	कनिष्ठिका
kanishthikaa	कनिष्ठिका
kanishtika	कनिष्टिका
kanyaayen	कन्याएं
kanyaein	कन्याएं
kanyayen	कन्याएं
convention	कन्वेशन
convocation	कन्वोकेशन
cup	कप
kap	कप
kapda	कपड़ा
kpada	कपाड़ा
kapdo	कपड़ों
kapdon	कपड़ों
kaping	कैपिंग
kping	कपपंंग
kapolkalpana	कपोलकाल्ना
kabaddi	कबाद्ीी
kabr	काबर
kabra	काबरा
kabren	कारेेन
kabron	काबरों
kamjor	कमजोर
kamzor	कममोर
kamatar	कमाटर
kamtar	कमटरर
kalamjeet	कलमजीत
kamaljeet	कमलजीत
kamaauu	कमाउ
kamau	कमाउ
kamaate	कमाते
kamate	कमते
kamere	कमेरे
kmere	कममे
karanj	करणज
kranj	क्रांज
karanjiya	करणजीय
kardhe	कर्धे
karghe	कार्घ
karachana	करचचन
karchhana	कर्चना
karna	करना
karpatri	करपपत्र
karam	कराम
karoor	करूर
karur	करूर
karnataka	कर्नतका
karvi	करववी
kurvi	कुरववी
kalmein	कालमें
kalmen	कालमेन
kalraj	कलराज
kalika	कालीका
kalpanaon	कल्पनाओं
kalpnaon	कल्पनाओं
kavvaliyon	कववालियों
qawwaliyon	क़ववलियों
kavvali	काववाीी
qawwali	क़वववाली
kashton	काष्टों
kasarat	कसरात
kasrat	कसरता
kasara	कसरा
kasida	कसीदा
kahane	कहाने
kahne	कहने
kahlaya	कहलाया
kahaniyon	कहानियों
kile	किले
kanji	कंजी
cant	केंट
kant	कांत
kanti	कांती
kakoo	कारू
kaku	ककुू
kaagaj	काग़
kaagaz	काग़
kagaj	कागज
kagaz	काग़
kaaji	काजी
kaji	काजी
kazi	काज़
qazi	काज़
kajoo	काजू
kaju	काजू
kapadi	कपड़ी
kapdi	कपड़ी
kamraj	कमराज
kamottejana	कमोतेजजनन
kamottejna	कमोतेज्जन
kailana	कैलना
kaylana	कैयलन
carfi	कारफी
karki	कर्की
kartik	कार्तिक
karyakartaon	कार्यकारताओं
karykartaaon	कार्यकारताओं
karykartaon	कार्यकारताओं
karyabhar	कार्यभर
karybhar	कार्यभर
karyarat	कार्यार
karyrat	कार्यत
kaalpi	काल्पी
kalapi	कलापी
kalpi	कल्पी
kalika	कालीका
kalighat	कालिघट
coldvel	कॉल्डवेल
kaldvel	कल्दववल
kaldwell	कालद्वेल
kaav	काव
kav	काव
kaasht	काष्ट
kasht	काष्ट
kasim	कस्मी
qasim	कसीमम
kasimabad	कसिमाबाद
kiya	िया
kiliyan	किलियन
killat	किल्लत
killi	किली
kisaani	िससानी
kisani	ििसनी
kisanon	किसनों
keede	कीड़
kide	किड़े
keynote	केनोनट
kinote	किनोट
kiratpur	किरतपुर
kundal	कुंडल
kundaliya	कुंडलीय
kundaliyan	कुंडलियन
kutta	कुट्टा
kuposhit	कुपोषित
kumau	कुमाउ
kumavat	कुमावत
kumawat	कुमावत
kural	कुरल
kurmi	कूर्मी
kursiyon	कुरससियों
kush	िश्र
kushaan	कुशान
kushan	कुशान
kusumalataa	कुसुमलता
kusumalta	कुसुमलता
kusumlata	कुसुल्ाता
koot	कूत
kut	ुु्ट
kritika	कृतिका
kpo	कपोो
canterbari	कंटर्बरी
canterbury	कंटर्बर
candidate	कैंडीडेट
katrina	कतरिन
caitlyn	कैटलिन
cateline	कैटललइन
catlin	कैटलिन
cadmium	कैडडमयम
catholic	कैथलिक
catholicon	कैथलिकों
kaetholikon	कैथलििकों
capacitor	कैप्सिटर
carat	कराट
cavity	केविटी
cavalry	केवारी
kaivelari	कैवेलररी
complex	कंप्लेक्स
kocchi	कोच्ची
kochi	कोची
corridor	कॉरीडोर
corolla	कोरोला
korola	कोरोला
caolan	कैलल
colan	कोलन
colon	कोलों
calling	कैलिंग
koling	कोलिंग
colorado	कलोरेडो
kolorado	कोलोराडोो
kaushal	कौशल
kaushalata	कौशलाता
kaushalta	कौशलाता
kaushambi	कौशमबी
cute	कटट
quete	क्विट
cube	क्बूब
cubeck	कबबकक
quebec	क्वैबि
cubes	क्बेज
krantiyon	क्रंतियों
cric	क्रिक
crick	क्रिक
cricket	क्रिकेट
cricketer	क्रिकिटर
cricketing	र्किटेकिंग
kriyayog	क्रियायोग
christian	क्रिस्टियन
kruger	क्रुजर
craig	करेएग
creg	करेग
cradle	क्राडल
chrom	क्रोम
chrome	क्रोम
client	क्लाइंट
clock	क्लॉक
clasen	क्लेसन
classen	क्लेसन
classon	क्लासों
clay	क्ले
claris	क्लारिस
cleris	क्लीरिस
clerys	क्लरजि
quantico	क्वांटिको
queens	क्विंस
kshitij	क्षितिज
shitij	शीतिजी
kshin	क्षिन
shin	शिन
kshetron	क्षेत्रों
shetron	क्षेत्रों
khand	खाडड
khanda	खंडा
khachakhach	खाचचच
khajarana	खजररा
khajraana	खजराना
khajrana	खजराना
khatakati	खटकती
khatakti	खटकती
kihatkati	किहत्तती
khattapan	खट्टापन
khat	खटट
khani	खानी
khanik	खननिक
khanikarm	खानीकर्म
khanikarma	खानीकर्म
khanikarmi	खानिकर्मी
khapat	खपटट
khariya	खरिया
khalnayak	खलनायक
khaaskar	खास्कर
khaskar	खससकर
khaastaur	खासतौर
khastaur	खासतौर
khaibar	खैबर
khyber	खैबर
khaein	खाएं
khaen	खाएं
khayen	खाएें
khaate	खाते
khaatey	खाते
khate	खाटे
khal	खाल
khinchakar	खिंचकर
khinchkar	खिंचकर
khilana	खिलना
khinchkar	खिंचकर
khuda	खुदा
khudai	खुदाई
khurapka	खुरप्का
khurpaka	खुरपका
khurasan	खुरासन
khushiyan	खुशियां
khene	खेने
khaini	खानी
khairati	खैरती
khoikhoi	खोखोही
khoya	खोया
gangrel	गंंग्रल
gangaajal	गंगाजल
gangajal	गंगाजल
gandaki	गंदकी
gandki	गंदकी
gandh	गंधध
gandha	गंंध
gae	गाई
gaye	गाये
gajara	गारा
gajra	गारर
gadkar	गड़कर
ganapati	गणपति
ganpati	गणपती
gatisheel	गतिशील
gatishil	गतिशील
gatishilata	गतिशिलता
gadadhar	गड़धार
gammat	गममतत
gaya	गाया
garibi	गरिबी
garjana	गरजजन
galgand	गललैंड
gahmagahmi	गहममगममी
gemhagehmi	गेमागोहमी
ganguly	गंगुलिय
gaanth	गांठ
ganth	गंत
gaanthe	गांथे
ganthe	गंठे
ganthen	गंथें
ganthon	गंठों
gaen	गाये
gayen	गायें
gazi	गाज़ी
gajipur	गाजीपुर
gazipur	गाज़पपु
gayatri	गायत्री
gayitri	गायित्री
gaytri	गायत्री
gidgidate	गिडिगिडेट
ginate	गिनते
ginte	गिनते
girkar	गिरकार
girijaghar	गिरिजाघर
girjaghar	गिरजाघर
girijagharon	गिरिजागरों
girjagharon	गिरजाघरों
girati	गिरात
girti	गिरती
girish	गिरिश
guan	गुवान
gujar	गुजर
gujarata	गुजरता
gujarta	गुजरता
gujarate	गुजरते
gujarte	गुजरते
gujarana	गुजरना
gujarna	गुजरना
gujara	गुजरा
gujare	गुजरर
gutta	गुट्टा
gthalidar	गालीदायर
guthalidar	गुठालिदार
gudna	गुदना
gumaan	गुमान
guman	गुमान
gulshan	गुलशान
gunga	गूंगा
grihnagar	गृहनतगर
gruhnagar	गृहनागर
galaxion	गैलैक्सियों
galaxiyon	गैलेक्सियों
galaxyon	गैलेक्स्यों
gochar	गोचार
gouchar	गौमार
godara	गोदरर
gopichand	गोपीचंद
gomake	गोमके
gomke	गोमकी
goel	गोल
goyal	गोयल
gosvaami	गोस्वामी
gosvami	गोस्वामी
goswami	गोस्वामी
gaumukh	गौमुख
gomukh	गोमुख
gaumutr	गौमुत्र
gaumutra	गौमुत्र
gowmutra	गोवुत्र
granthiyaan	ग्रंथियां
granthiyan	ग्रंथियां
grandhiyon	ग्रंधियों
granthiyon	ग्रंथियों
greest	ग्रीस्ट
greist	ग्रेस्ट
grist	ग्रिस्ट
greg	ग्रेग
granite	ग्रेनिटट
grenite	ग्रेनेटट
grandson	ग्रांडसन
gross	ग्रोस
ghataatop	घटाटोप
ghatatop	घटटोपो
ghataayaa	घटाया
ghataya	घटाया
ghanakar	घनकार
ghabrahat	घुरहाहट
ghasi	घासी
ghisai	घिसाई
ghisi	घिसी
ghise	घिसे
ghumakkadi	घुमक्कड़ी
ghumakkdi	घुमक्कदी
ghumakkadon	घुमक्कड़ों
ghumakkaron	घूमक्करों
ghumakkdon	घुमक्कडों
ghummakkadon	घुम्मकककों
ghumaan	घुमान
ghuman	घुमान
ghoonsa	घूंसा
ghunsa	घुंसा
ghongha	घोंघा
ghontane	घोंटने
ghontne	घोंटने
ghot	घोट
ghodi	घोड़ी
ghost	घोस्ट
changul	चंगुलु
chand	चादद
chandan	चंदना
chandana	चंदना
chandu	चंदुू
chandon	चंदों
chandrabali	चंद्रबाली
chandramaon	चंद्रमाओं
chakatte	चकत्टे
chaktte	चक्ते
chakkar	चक्कर
chkkar	चक्कर
chakshu	च्कष्षु
chatagaon	चटागांं
chatgaon	चतगगांव
chadhane	चढ़ाने
chadhne	चढ़ाे
chaturdik	चतु््दीक
chatunshkoniy	चतुंश्कोणीय
chatushkoniy	चतुस्कोणीय
chatushkoniya	चतुश्कोणीय
channa	चन्न
chabate	चाबते
chabutare	चाबूतारे
chabutre	चाबेतरर
chamakna	चमकना
chamkana	चमकाना
charas	चरस
charit	चरित
charcha	चर्चा
churcha	चर्चच
charchaon	चर्चाओं
chalenge	चैलेंगे
chlenge	चिलेंगे
chahunaur	चहुनौर
chahunor	चहुनौर
chanval	चाववल
chanwal	चाववाल
chachaji	चचहाजी
chadar	चड़ार
chadaron	चड़ारों
chadron	चड्ररंं
chan	चन
chanan	चानन
chaplusi	चापलुसी
chayal	चययल
char	चर
charon	चररों
charge	चार्ज
chart	चरसट
charton	चररोट
charts	चार्टस
chaalit	चलित
chalit	चलित
chikitsak	चिकित्सक
chikitsakon	चिकित्सकों
chikhali	चिखली
chiththi	चित्ठि
chitthi	चिट्टी
chithhi	चित्
chiththi	चित्ठि
chitthi	चिट्टी
chidchidapan	चिड़चिड़ापन
chidchidapan	चिड़चिड़ापन
chidhate	चिढ़ते
chidhte	चिड़ते
chithrkar	चित्रकार
chitrkar	चित्रकार
chipakane	चिपकाने
chipakne	चिपकने
chipkane	चिपकाने
chimati	चिमटी
chimti	चिमटी
chillane	चिल्ना
chee	ची
chi	ची
chuka	चुका
chune	चुने
chunar	चुनार
changed	चेंजेद
chetti	चेट्टी
chennai	चेनाई
chero	चेरो
chest	चेस्ट
championship	चैंपिंपि
chor	चर
choro	चोरो
choron	चोरों
chauk	चौक
chowk	चौक
chauka	चौका
chuka	चुका
chaukiyan	चौकियां
chauki	चौकी
chaukhate	चौखते
chauguni	चौगुनी
chauda	चौड़ा
chaudah	चौदह
chaudahavan	चौदहवान
chaudhavan	चौद़वन
chaudhawan	चौदावनन
chaupati	चौपती
chupaty	चुपत्य
chaupal	चौपाल
chaurai	चौराई
chausinga	चौसिंगा
chausingha	चौसिंघा
chhagan	छगगन
chhabi	छाबी
chhalla	छल्ला
chhallaa	छल्ला
chhaviyaan	छावियां
chhaviyan	छावियां
chhavi	छावी
cheh	चेह
chhah	छाह
chehon	चेहों
chhahon	छाहों
chhai	छाई
chhagla	छगला
chhajan	छजना
chhaati	छाती
chhati	छती
chhaapemaar	छापेमार
chhapemar	छापेमर
chheenk	छींक
chhink	छिंक
chink	चिंक
chenkein	चेंकें
chhekein	छेकें
chhinke	छिंके
chhinky	छिंकी
chinke	चिंके
chhudaane	छुड़ाने
chhudane	छुड़ाने
chhupakar	छुपाकर
chhupkar	छुपकार
chhupkr	छुपक्र
chhupata	छुप्त
chhupta	छुप्ट
chhuptaa	छुप्टा
chhura	छुऱा
chhuraa	छुऱा
chhuree	छुरी
chhuri	छुरी
chhure	छुरे
chhootane	छुटनने
chhutane	छुटनने
chhutne	छुटने
chheter	छितर
chhetr	छेत्र
chhetter	छेट्टर
chhetri	छेत्री
chhetthari	छेट्तरी
chhetthri	छेत्तररी
chai	चाई
chhai	छाई
chhe	छे
jagaega	जगाएगा
jagayega	जगाएगा
jaghaega	जगाएगा
jgaayega	जगाएगा
jgayegaa	जगाएगा
jajaon	जजााओं
jajon	जाजोंं
jad	जद्
jadd	जद्द
jaddit	जद्िित
jadeite	जड़ेते
jadet	जड़ेट
jadit	जड़ित
jadein	जड़ें
jaden	जड़ें
jatara	जतरर
jatra	जततर
jataati	जताती
jatatee	जततत
jatati	जततत
janagananaa	जनगगना
janaganna	जानगनन
jangadnaa	जंगदना
janganana	जंगगना
janganna	जंगगनन
janajagran	जनाजग्रण
janjaagran	जनजागरण
janjagran	जनजागरण
january	जननूर्य
janahaani	जनहानी
janahani	जनहानी
janhaani	जनहहनी
janhani	जन्हनी
jnhaani	जनहानी
jamaate	जमतत
jamaati	जमती
jamati	जमती
jamaaya	जमाया
jamaeya	जमाया
jamaya	जमाया
jamayaa	जमाया
jamuai	जमुआई
jamuei	जमुई
jamui	जमुई
jai	जाई
jay	जय
jaidayal	जयदायल
jayadayal	जायययल
jaydayal	जायदयल
jaibaan	जयबान
jaiban	जयबन
jaybaan	जयबबन
jayalalita	जयललिता
jayalalitaa	जयललिता
jayalalithaa	जयललिता
jaylalita	जयलालिता
jarakh	जरख
zarakh	जररख
jarda	जर्दा
jardaa	जरददा
zarda	जर्दा
jalagati	जलगती
jalgati	जलगती
jalgti	जलगती
jalte	जलते
jalbharav	जलभारव
jalbhraav	जलभराव
jalbhrav	जलभररव
jalvaayu	जलवायु
jalvayu	जलवायु
jalesar	जालेसर
jasmeet	जस्मीत
jasmit	जस्मित
jassee	जस्सी
jassi	जस्सी
jamaanaa	जमाना
jamana	जममन
zamaanaa	जममना
zamana	जममना
jaljale	जलजले
zalzale	जलझलले
zee	जी
jubaan	जुबान
juban	जुबान
zuban	जुबान
jaanch	जांच
jaaunch	जानचच
janch	जांच
jaunch	जांच
jaagriti	जार्ति
jagriti	जगरीति
jagruti	जारूति
jajamau	जजममऊ
jajmau	जजममऊ
jajmauu	जजममऊु
jaat	जात
jat	ज्
jaatak	जातक
jatak	जटक
jaatakon	जाटकों
jaatkon	जाटकों
jatakon	जटककंं
jaatiyon	जातियों
jatiyon	जातियों
jaankaaron	जानकरों
jaankaron	जानकरों
jankaron	जनकररं
jaanam	जननम
janam	जन्म
jaayke	जायके
jayke	जायके
jaawar	जावर
zawar	जववर
jing	जिंग
gin	गिन
jeen	जीन
jin	जिन
ginee	गिनी
jinee	जिनी
jini	जिनी
geneva	जेनेवा
jeneva	जेनेवा
jiniva	जिनिवा
gypsy	गिप्सी
jimme	जिम्मे
jiya	जिया
gic	गिक
gr	ग्रस
gm	ज्म
gsm	ग्ससम
gtod	ग्टोड
gtor	ग्टर
jeetod	जीतोद
jitod	जितोद
jean	जिन
jeen	जीन
jin	जिन
jeenon	जीनों
jinon	जीनों
jeepney	जीपने
jipani	जिपनी
jeeyo	जियों
jio	जियो
jiyo	जियों
jeera	जीरा
jira	जिरा
jeevant	जीवनत
jivant	जीवनत
jeevan	जीवन
jeewan	जीवन
jivan	जीवन
jiwan	जीवन
jeevanshaili	जीवनशशली
jivanshaili	जीवनशैली
jeevniyaan	जीवनियां
jivaniya	जिवनीय
jivaniyaan	जीवनियां
jivaniyan	जीवनियां
jeevraaj	जीवराज
jivraj	जीवराज
jua	जुआ
jue	जुए
juye	जुए
jutee	जुटी
juti	जूटी
judaai	जुदाई
judae	जुदाई
judai	जुदाई
judaai	जुदाई
judai	जुदाई
junoon	जूनून
junun	जुनून
junooni	जूनूनि
jununi	जुनुनी
jubair	जुबैर
juber	ज़ुबर
zubair	जुबैर
juraab	जुराब
jurab	जुरब
julaahon	जुलाहों
julahon	जुलाहों
julmon	जुल्मों
zulmon	जुल्मों
jood	जुर्
jud	जुड़
junagadh	जूनागढ़
junagarh	जूनागढ़
junior	जुनिर
jealous	जीलॉस
juloos	जुलूस
julus	जुलुस
jetha	जेता
jenner	जेनर
generic	जेनेरिक
jenrick	जेनररकक
generat	जनरेट
generate	जननेटट
jenee	जेनी
jenni	जेनि
jenny	जेनी
james	जमीस
jeremy	जेरेमी
gerome	जिरोम
jerome	जिरोम
jacks	जैक्स
jain	जैं
gene	गिन
jaine	जैने
jaino	जैनों
jainon	जैंों
jerry	जेरी
jasper	जसपपे
jogging	जोगिंग
johnson	जोनससन
jobs	ज़ब्स
jockey	जॉकी
joki	जोकी
jokhim	जोखीम
joddta	जोददतत
jodta	जोदता
jorhta	जोर्ता
jodiyon	जोदियों
jodo	जोडोो
jaun	जनन
gyatavya	ज्ञातव्य
gyatvy	ज्ञातवी
gyapit	ज्ञापित
jyotiba	ज्योतिबा
joint	जॉनंट
jvar	ज्वर
jwar	ज्वर
jvaaron	ज्वारों
jvaron	ज्वरों
jwaron	ज्वरों
jewellers	जेवलर्स
jh	झी
jha	झा
jhalakti	झलकतत
jhalkati	झलकती
jhalla	झल्ला
jhankana	झंकाना
jhankna	झंकना
jheel	झील
jhil	झील
jheelon	झीलों
jhilon	झिलों
jhuthala	झुठला
jhuthla	झुठला
jhuthalane	झुठलाने
jhuthlane	झुठलाने
tankaar	टंकार
tankar	टंकर
takara	टकरा
takra	टकरा
takaraon	टकराओा
takravon	टकररवों
tapakti	तपक्ति
tapkati	तपकती
time	टिमे
timer	टाममर
taoo	तारु
tau	ताऊ
tapoowo	तपूवों
tapuon	तपुआं
tapuwo	टपपुवो
tied	टीयड
tired	तेरेद
tyred	टायरेड
tarch	टर्च
torch	टॉर्च
tik	तिक
teap	टीप
tip	तिप्
tippanikar	टिप्पनिकार
tippnikar	तिप्पनिकार
tivolee	तिवोली
tivoli	तिवोली
teekamgarh	तीयमड़ढ़
tikamgarh	तिकामढ़़
teekon	टीकों
tikon	टिकोण
two	ट्वो
tension	टेंशन
tenis	टेनिस
tennis	टेनिस
taste	सस्ते
test	ेेस्ट
tasting	टेस्टिंग
testing	टेस्टिंग
tainin	तैनिन
tenin	तेनिन
tanish	तनीश
tennis	टेनिस
taboo	ताबू
taiboo	तैबूू
taobao	ताबाओ
tonic	टोनिक
tonga	तोंगा
toka	टोका
tuesday	टुईसेे
tuning	टनिंग
tuberculosis	सब्रूकलिलोसस
tuberkyulosis	तुबर्किलोलॉसि
truck	ट्रुक
trangistor	ट्रांजिसटटर
tranjister	ट्रांजस्टर
transistor	ट्रांसिस्टर
transfer	ट्रांसफर
tribunal	ट्रिबूनल
tribunal	ट्रिबूनल
trubyunal	ट्रुब्युनल
truth	तृथ्ठ
tuth	तूठ
traded	ट्रेडडड
trabal	ट्रबबल
trebal	ट्रेबल
trouble	ट्रबबल
traip	ट्रैप
trap	ट्राप
trot	ट्रोट
trott	ट्रोट
thakkar	ठकककर
thakkr	ठकककर
thaharne	ठहराने
thahrane	ठहराने
theharne	ठहराने
thikane	ठिकाे
thumari	थुमारी
thumri	थूमरी
theinga	ठींगा
thenga	ठेंगा
thengaa	ठेंगा
daglas	डागासस
douglas	दोगलास
dabhara	दाभारा
dabhra	दाभरा
dabhoi	दाभोई
dam	दमम
dum	दूम
darate	डरते
daratey	डरते
daravani	दरराणी
darawani	दररानी
dravani	द्रवाणी
down	डोउं
daak	दाक
dak	दक
daka	डका
dabi	दाबी
dabolim	डाबोलिम
dinosaur	दिनोसौर
diaries	डियरिज
dit	दित
depthiriya	डिप्थिरिया
diphtheria	दिफ्थेरिया
de	दे
dealership	डीलरशिप
dvc	डीव्सी
dubaana	दुबाना
dubana	दूबना
dubona	डूबना
dulne	दुलने
doonarpur	दूनारपुर
doongarpur	दूंगरपुर
dungarpur	दुंगरपुर
dungerpur	डंगरपुर
dubana	दूबना
dubna	दूबना
dangerous	डंंररसस
daisy	दैश्य
dazy	डाज्य
deji	देजी
deputy	डिप्टी
davidson	डेविजसन
devidson	डेविजसन
davey	देवे
devi	देवी
dewey	देवे
destination	डिस्टीनेशन
datson	दत्सों
datsun	दत्ूून
daddy	दद्य
dark	डर्क
dork	डर्क
dose	दोस
domenic	डोमेनिक
doranda	दोरंदा
dolane	डोलने
dolne	डोलन
dual	डुआल
duak	दुक
duke	डुके
drame	ड्रैम
dramen	ड्रमेन
drager	ड्रेजर
dredger	ड्रेडर
dreijer	ड्रेजर
dhakaal	धकाल
dhakal	धकाल
dhakkal	धक्काल
dhkal	धकाल
dhale	ढाले
dhoondh	धूंध
dhundh	धुंध
dhoondhata	धूंधात
dhundhata	धुंधाता
dhundhta	धुंधतता
dhoondhi	धूंधी
dhundhi	धुंधी
tanjavur	तंजावूर
thanjavur	तंजावूर
tantr	तंत्र
tantra	टंट्र
tantrikao	तंत्रिकाओं
tantrikaon	तंत्रिकाओं
tantro	टंट्रों
tantron	तंत्रों
tagade	तगड़े
tagde	तगड़े
tadipaar	तादीपार
tadipar	तादीपर
tani	तनि
tapan	तप्ान
tarafa	तरफा
tarfa	तरफा
tarabganj	तरबबगंज
taras	तरस
taraash	तराश
tarash	तरशश
tarashay	तराशय
tarashe	तररशश
tareeko	तरीको
tariko	तरीकों
tark	तर्क
tarkvaad	तर्कवाद
tarkvad	तर्कवाद
tarkwaad	तर्कवाद
tarko	तरकको
tarkon	तरकको
talabgaar	तलबबगार
talabgar	तलबबगार
talbagaar	तल्बगार
talbagar	तलबबगार
talawe	तलाेे
talve	तल्व
talawon	तलावों
talvon	तललवों
tahakhana	तहखान
tahkhaana	तहखाना
tahkhana	तहखहन
taantaa	तांता
tanta	तांता
tambe	तंबबे
tanbe	टंबबे
taaja	ताज़
taajaa	ताजा
taaza	ताज़ा
taja	तजज
taza	तजजा
tansen	तंसें
taapmaanon	तापमानों
tapmano	तप्मणों
tapmanon	तप्मणों
taapti	ताप्ति
tapti	तप्ति
tarabai	तरबाई
taseer	तसीर
tasir	तसीर
taahi	ताही
tahi	तहही
tikone	तिकोण
tirupati	तिरूपति
tiwari	तिवाऱी
ti	ति
teer	तिर
tir	तिर
teeron	टीरों
tiron	तिरों
tirthatan	तीर्थतन
tungnath	तुंगनाथ
tughlaq	तुघललक
tuglak	तुगललक
tughlakabad	तुघलाकबबद
tughlaqabad	तुघल्यकबाद
tuglakabad	तुल्ककाबाद
tugalaki	तुगलकी
tugalki	तुगलकी
tuglaki	तुगलाकी
tufail	तफफैल
tejaji	तेजाजी
teji	तेजी
tel	टेल
telon	टेलों
to	टूो
toh	तोह
taul	टौल
tyohaar	त्योहार
tyohar	त्योहार
tyoihar	त्योहार
tyauharon	त्याहारों
tyoharon	त्योहारों
tyoiharon	त्योहारों
trijata	त्रिजता
trijta	त्रिजता
triya	त्रिया
tremasik	ट्रेमासिक
trimasik	त्रिमासिक
tse	तीस
thaki	थाकी
thki	थकी
tharti	थर्ती
thirty	थीर्टी
thane	थाने
thaanvi	ठानवी
thanvi	ठाववी
theateron	थीटरों
theatron	थित्रों
theaters	टीटर्स
theater	थीटर
theatre	थीय्र
theateron	थीटरों
theatron	थित्रों
thitron	ठित्रों
theaters	टीटर्स
theatrs	थीवर्स
thiyeters	थीनाटर्स
thirake	थिरके
thirke	थिरके
thief	थीफ
then	ठें
theni	ठेनी
thailee	थैली
thaili	थैली
thaile	थाइले
dang	डंंग
danga	डंगगा
dangon	डांगों
dampati	दापपति
danpati	दापपती
dampatiyon	दंपपतियों
dampattiyon	दंपत्तियों
danptiyon	दंप्तियों
dadreva	ददरेवा
dadrewa	ददररेवा
damoh	दामोह
dardara	दरदारा
dardraa	दरदररा
durdhara	दुर्धार
darmiyaan	दरमियां
darmiyan	डरमियां
darjano	दरजजनों
darjanon	दरजजनों
darp	डरप्
darra	दराा
dalbadal	दलबबदल
dalbadl	डलबबदल
dali	दली
dastaanaa	दस्ताना
dastana	दस्ताना
dastavej	दस्तावेज
dahan	दहहन
dahal	दहलल
da	दा
daakhil	दाख़िल
dakhil	दाखिल
daakhile	दाख़ले
dakhile	दाखिले
daataa	दाता
data	डाता
dadari	दादरी
daanshil	दानशील
danshil	दंशील
daabholkar	दाभोलकर
dabholkar	दाभोलकर
damale	दमलले
damle	दमले
dayitv	दययततव
dayitva	दययित्व
dayitwa	दययित्व
dayitvon	दययित्वों
dayityon	दययित्यों
darul	दरूल
daav	दाव
daaw	दाव
dav	दवव
daw	दाव
daah	दाह
dah	दाह
dikhla	दिखला
dikhlaa	दिखला
dikhaaiye	दिखाइए
dikhaiye	दिखाइए
dikhaai	दिखाई
dikhai	दिखाई
dikhayi	दिखाई
dikhaaee	दिखाई
dikhaai	दिखाई
dikhaain	दिखाइं
dikhaee	दिखाई
dikhai	दिखाई
dikhayin	दिखाईं
dikhai	दिखाई
dikhayi	दिखाई
dikhaai	दिखाई
dikhae	दिखाय
dikhai	दिखाई
dikhayi	दिखाई
dita	दिता
ditaa	दिता
dinaank	दिनानक
dinank	दिनांक
dirham	दिरहम
dilaaye	दिलाए
dilaye	दिलाए
deewani	दीवानी
diwani	दिवानी
divy	दिव्य
divya	दिव्य
divyata	दिव्यता
divya	दिव्य
deepan	दीप्ण
deepn	दीपन
dipan	दीपान
deepsingh	दीपिसंंह
dipsingh	दिपिसंह
deepika	दीपिका
dipika	दीपिका
deeya	दीया
diya	दिया
dukaanon	दुकानों
dukanon	दुकानों
dukke	दुक्के
dukhan	दुखान
dukhit	दुखित
dukhiyon	दुखियों
dukhon	दुखों
dubhashiyon	दुभाषियों
durgun	दुर्गुण
durghatna	दृघघाटना
durghtna	दूर्घटना
duneerti	डुनिर्टी
durniti	दुर्निति
durbhiksh	दुरभिक्ष
duvidhaaen	दुविधाएं
duvidhaayein	दुविधाएं
duvidhaen	दुविधाएं
duwaidhaayein	दुवैधाएं
dune	दुन
doordarshan	दूरदर्शन
durdarshan	दूरदर्शन
dradh	द्राध
dridh	द्रिध
dekhoge	देखोज
denevaali	देनेवाली
denevali	देनेवाली
denewaali	देनेवाली
denewali	देनेवाली
deonar	दियोनर
devnaar	देवनार
devnar	देवनरर
devaapur	देवापुर
devapur	देवपुर
devi	देवी
devisingh	डेविसिंह
devisinh	देविसिंह
deshkaal	देशकाल
deshkal	देशककल
deshke	देशक
desai	देसाई
doge	डोग
dvadash	द्वादश
dwaadas	द्वादस
dvivedi	द्विवेदी
dwivedi	द्विवेदी
dhande	धंडे
dhandhe	धंढढे
dhndhe	ढंढध
dhandhon	धंधों
dhandon	धंदों
dhakelte	धकेलते
dhkelate	धककलेत
dhatana	धटना
dhatna	धटना
dhankuber	धनकबुबर
dhanadhany	धानाध्य
dhandhaanya	ढंधहन्य
dhandhany	ढंढहन्य
dhandhanya	धंधहन्य
dhamkaataa	धमकाता
dhamkata	धमकता
dhamm	धम्म
dhamma	धम्मा
dhammaa	धम्मा
dharmnath	धर्मनाथ
dharmraj	धर्मराज
dharmesh	धर्मेश
dhasmaanaa	धस्माना
dhasmana	धस्मान
dhaak	ढाक
dhak	ढक
dhaaga	धागा
dhaagaa	धागा
dhaga	धागा
dhaatuein	धातुएं
dhaatuyein	धातुएं
dhtuen	ध्तुएं
dhaarak	धारक
dharak	धराक
dhaari	धारी
dhari	धारी
dhuan	धुणा
dhunaai	धुनाई
dhunai	धुनाई
dhuriya	धुरिया
dhuriyaa	धुरिया
dhuni	धुणि
dhairyavaan	धैर्यवान
dhairyawan	धैर्यवव
dhiryavan	धीर्यवान
dhiryawaan	धीर्यवान
dhokebaaj	धोखेबाज
dhokebaaz	धोखेबाज
dhokebaj	धोखेबाज
dhokebaz	धोखेबाज
dhokhebaaj	धोखेबाज
dhokhebaj	धोखेबाज
dhona	धोना
dhonaa	धोना
dhoraaji	धोराजी
dhoraji	धोरजी
dhoron	धोरों
dhyeyavaadi	ध्यायवादी
dhyeywadi	ध्यायवादी
dyeyvadi	द्ययवादी
dhrupad	ध्रुपद
drupad	द्रुपद
nandanvan	नंडननवन
nadsa	ददसस
naksal	नक्सल
naxal	नक्सल
naksalavaad	नक्सलावाद
naksalwaad	नक्सलावाद
naksalwad	नक्सलावाद
naxalvaaad	नक्टलााद
naxalwaad	नक्टलााद
naksaliyon	नकसालियों
naxaliyon	नक्सलियों
naksali	नकसाली
naxali	नाकसली
nagaada	नगददा
nagaadaa	नगददा
nagaaraa	नगररा
nageene	नगीन
nagine	नगगनन
najarandaaj	नजररंदाज
najarandaaz	नजरअंदाज
nazarandaaj	नजररंदाज
nazarandaaz	नजरअंदाज
nazarandaz	नजररंदाज
najraane	नजराने
nazraane	नज़राने
najariyon	नजरियों
najriyon	नजरियों
najron	नजरों
najeeb	नजीब
najib	नज़बब
najibabaad	नज़बबबबाद
najibabad	नज़िबाबद
najeem	नजीम
najim	नाजमम
nazeem	नज्मी
nana	ना
nanaa	नन
nna	न्न
nanhe	नन्हे
nanhein	नन्हें
nabj	नब्ज
nabja	नब्जा
nabz	नब्ज
namkeen	नमकीन
namkin	नमकीन
narnaari	नरनारर
narnari	नरनारी
narbhakshi	नर्भक्षी
naram	नररम
narm	नर्म
narmi	नर्मी
narsanhar	नरसंहार
narsanharon	नरससंहरों
november	नोवंबर
navketan	नवकेटना
navjaagaran	नवजागरण
navjagran	नवजाग्रण
navdha	नवध्ध
navvadhoo	नववाधु
navvadhu	नव्धाुु
nava	नव
navaa	नवा
navate	नववते
navanagar	नवानगर
nawanagar	नवानगर
navya	नव्य
naseem	नसीम
nasim	नसीम
nights	नाइट्स
nitrous	नीट्रूस
nineteez	निनेतिज
nineties	निनेटिज
ninties	निंटिज
nau	नाू
nauu	नौह
naakaam	नकाम
nakam	नकम
naagrik	नागरिक
nagarik	नागरिक
nagrik	नाररिक
nagin	नगगनन
nadep	नदेप
nanak	ननक
nanavati	नानवती
napane	नपाने
napne	नपनने
napa	नपर
naam	नाम
naamdhari	नामधारी
namdhari	नमदारी
namankano	नमानकों
namankanon	नमानकणों
namavaliyon	नमावलियों
naamo	नामों
namo	नमोो
nayak	नायक
naraji	नारजी
naraingarh	नारांगढ़
narayangadh	नारायगगढ़
narayangarh	नाराणगगढ़
naasar	नासर
nahargadh	नहरहगढ़
nahargarh	नहररगढ़
nikalegi	निकालेगी
nikalogi	निकालोगी
nikaalani	निकालनी
nikaalni	निकालनी
nikalani	निकललन
nikalni	निकलली
nicki	निकी
nicky	निक्
niki	निकी
niketan	निकेटन
nikhar	निखार
nikhari	निखारी
nigar	निगार
nigger	नाइगर
nichala	निचला
nichalaa	निचला
nichla	निचला
nitiyon	नीतियों
nitya	नित्य
nityaa	नित्या
nidhaan	निधान
nidhan	निधान
nipatara	निपटार
niptaara	निपटारा
niptaaraa	निपटारा
niptara	निपटारा
niyanta	नियंता
niyantaa	नियंता
niya	नयय
niyaa	निया
nirdeshika	निर्देशिका
nirdeshikaa	निर्देशिका
nirdhaarit	निर्धारित
nirdharit	निर्धारित
nirbaadh	निर्बद्ध
nirbadh	निरबबदध
niveshakartaa	निवेशकर्ता
niveshkarta	निवेशकर्ता
niveshkartaa	निवेशकर्ता
nischal	निश्कल
nishchal	निश्चल
nishnaat	निश्नत
nishpaap	निश्पाप
nihalaani	निहालनी
nihlaani	निहलनानी
nihlani	निहलननी
nihaalchand	निहालचंद
nihalchand	निहाचचंद
neechaaee	नीचाई
nichaai	निचाई
neat	नीट
neet	नीत
neetiyon	नीतियों
nitiyon	नीतियों
neelagaay	नीलगय
nilgai	निलगाई
neelaabh	नीलाभ
nilaabh	निलाभ
nilabh	निलाभ
nuskhe	नुस्खे
noon	नूं
nun	न्न
noobiyaa	नूबिया
nubiya	नुबिया
nrityashaili	नृत्यशाली
nrutyashaili	नृत्यशालीली
nrityon	नृत्यों
nrutyon	नृत्यिं
neco	नेक्ओो
neko	नेको
nectar	नेक्टार
neg	नेग
nega	नेगा
networking	नेटवर्किंग
neto	नीटों
neta	नेता
nemo	न्मों
nelsan	नेल्सन
nelson	नेल्सन
nations	निशेनस
nehara	नेहरा
nehra	नहरा
naino	नैनों
nano	ननों
naivedh	नैवेध
naivegh	नेवेघ
nevedya	नेवेद्य
nominate	नॉमिनेट
naukari	नौकरी
naukri	नौकरी
nokari	नोकरी
nokri	नोकरी
notes	नोटेस
nora	नोरा
nori	नोरी
nauner	नॉउर
nauvahan	नौवहहन
naushad	नशशद
panchaang	पंचांग
panchang	पंचांग
punchang	पंंचंग
punjab	पंजबब
punjabiyon	पूंजबियों
pantar	पंतर
panter	पंटर
punter	पंंर
pakaayein	पकाएं
pakaayen	पकाएं
pakaen	पकाएं
pakayen	पकाएं
pakaude	पकौड़े
pakshapat	पक्षापत
pakshpaat	पक्षापत
pakshpat	पक्षपपत
pagabadha	पगबबध
pagbadha	पगब्द
pagalaa	पगला
pagla	पगला
pachaataa	पचाता
pachata	पचाता
patakkar	पटक्कर
patkathaayein	पटकथाएं
patkathaein	पटकथाएं
patkathayen	पटकथाएं
patki	पटकी
pataraani	पतरानी
patrani	पर्रानी
patavaari	पतवारी
patwari	पतवारी
pataakshep	पााक्षेप
patachep	पाचापे
patakshep	पाक्ष्प
patiya	पतिया
patiyaa	पटिया
padaraunaa	पदररौण
padrauna	पदररना
padega	पड़ेगा
padegaa	पदेगा
padha	पध़ा
padhaa	पध़ा
padhaataa	पढ़तता
padhata	पध़ता
patili	पतिली
padamawati	पदममावती
padmavati	पद्मावती
padmawati	पद्मावती
padadhikari	पदाधिकारी
panapnaa	पनपना
panpana	पनपना
panaamaa	पनाम
panama	पणम
paneer	पनीर
pammi	पम्मी
pammu	पम्मू
pummi	पम्मी
pummy	पम्मी
pardesiyon	परदेदिसियों
pardesi	परदेसी
parva	पर्व
parvaa	पर्व
parwa	पर्व
parwaa	परवा
paraadheen	पराधीन
paraadhin	पराधीन
paradheen	पराधीन
paradhin	परधधीन
parikalpit	परिकल्पित
parimal	परिमाल
parishad	परिशाद
parishadiy	परिशादीय
parishadiya	परिशादीय
parishadon	परिशादों
parikhaen	परिक्षाएं
parikshaayein	परिक्षाएं
parikshaen	परिक्षाएं
parosane	परोसने
parosne	परोसने
parda	परदा
pardaa	परदा
purple	पर्प्लल
palatne	पलानने
paltane	पल्टान
palaari	पलारी
palari	पलारी
pale	पलल
palmonari	पल्मोनरी
pulmonary	पल्मोनरी
plus	प्लर
pulse	पललसे
pashtun	पश्कुतु
pashtuun	पश्कुणु
pahan	पहान
pehan	पहहन
pahantaa	पहनता
pahnata	पहनाता
pehnate	पहनते
pahanate	पहनते
pahante	पहनते
pehnate	पहनते
pahnaakar	पहनाकर
pahnakar	पहनाकर
pehnakar	पहनाकर
pahnaati	पहनाती
pahnati	पहनती
pehnati	पहनती
pahani	पहनी
pahni	पहनी
pehni	पहनी
pahno	पहनों
pehno	पहनों
pahla	पहला
pahlaa	पहला
pehla	पहला
paheliyaan	पहेलियां
paheliyan	पहेलियां
paheliyon	पहेलियों
pide	पाइड
pied	ैईड
pythagoras	पीयागोरस
pythogaras	पियोगारस
paakhandi	पाखंडी
pakhandi	पाखंडी
paathshaalaayein	पाठशालाएं
pathshalayein	पाठशालाएं
pathshalayen	पाठशालाएं
paathyakram	पाठ्यकररम
pathyakram	पाठ्क्रम
pathykram	पाठ्क्रम
paathyakramon	पाठ्यक्रमों
pathyakramon	पाठ्यक्रमों
pathykramon	पाठ्यक्रमों
population	पॉपुलेशन
pailot	पैलोट
pilot	पिलोट
pailoton	पैलोटों
piloton	पिलोटों
paarampariktaa	पररपपरिक्ा
paramparikata	परापरिककता
paramparikta	परंपरिककता
parnel	पर्नेल
parnell	पर्नेल
parleron	पार्लरों
parloron	पारललोों
parlouron	पार्लरों
paarshad	पारशददद
parshad	पर्शदद
paarshadon	पार्शदों
parshadon	पर्शदों
parshdon	पर्शदों
policy	पॉलिसी
pinta	िनिता
pintaa	पिनता
piega	पिगगा
piyegaa	पियेगा
pic	पिक
pick	पिक
pik	पिक
piki	पिकी
piky	पिक्य
picture	पिक्चर
pigmentation	पिंमेनेटमशन
pigs	पिल्स
pichde	पिछड़े
pichhade	पिछड़े
pijja	िजज्ज
pizza	पिज़्ा
pitaamaha	पितामहा
pitamah	पितामाह
pipra	पिपरा
pipraa	पिपरा
pipli	पिपली
pearson	परसस
pierson	पिररस
peary	पररी
piyari	पियारी
pisaai	पिसाई
pisai	पिसाई
pihaani	पहहानी
pihani	पिहानी
pib	पिब
pr	प्र
pml	पिमल
pmo	प्मो
pmch	पिच
psv	प््व
peaking	पीकिंग
picking	पिकिंग
peetne	पिटने
pitne	पिटने
pedia	ैदििया
pidiya	प़डियया
pidiyaa	ीढ़ियय
peelepan	पीलेपन
pilepan	पिलेपेन
pv	प््व
pisa	पिसा
putla	पुतला
putlaa	पुल्ा
putaliyaan	पुतालिया
putliyan	पुतलियन
putaliyon	पुतालियों
putliyon	पुतलियों
putali	पुतली
putli	पुतली
putale	पुतले
putle	पुललल
putin	पुरिनी
putul	पुतुल
punargathan	पुनर्गठन
puna	पुना
puraane	परााने
purane	पूराने
puru	पुरु
purjon	पर्जजंं
purzon	पर्जजों
pulam	पुलाम
pushkin	पुष्कीन
pushkarana	पुष्करण
pushkarna	पुष्करण
pushkarnaa	पुष्करण
pushp	पुश्प
pushpa	पुश्प
pushpa	पुश्प
pushpaa	पुश्प
pushpit	पुप्पित
pushpon	पुप्पों
poonjikaran	पूंजीकरण
punjikaran	पूंजीकरण
poojaapaath	पूजापठ
poojapath	पूजापठ
pujapath	पूजापठ
pooranpur	पूरापपुर
puranpur	पुरंपपुर
purvaabhaas	पूर्वाभास
purvaabhas	पूर्वाभस
purvabhaas	पूर्वभासा
purvabhas	पूर्वाभस
pendulam	पेंडुलम
pendulum	पेंडुलुम
peg	पेग
pages	पाग्स
pajej	पजेज
pace	ौशर
pes	पेश
pastry	पास्त्री
pangolin	पंगोलिन
pengolin	पेंगोलिन
packard	पैकार्ड
package	पैकेज
packageon	पैकाजेन
packagon	पैकागों
packajon	पक़ाजों
paim	पैमम
pam	पमम
paratrooper	परततपरप
peratrupers	पररक्पर्स
paranormal	परणरममम
peranormal	पेरनयोमम
paraffin	परफफिन
parafin	पराफिन
perafin	परफफिन
parabola	पारबबल
perabola	पैराबोला
polimer	पॉलिमर
polymer	पॉलीमर
polishing	पालिशिंग
pokar	पोकर
poker	पॉकर्स
polish	पालिश
poshit	पोशित
posta	ोोस्ता
pau	पौर
pyade	्यादे
prakriya	प्रक्रिया
prakshepak	प्रक्षेपक
pratigya	प्रतिज्ञ
prtigyaa	प्रतिज्ञा
pratibhutiyan	प्रतिभूतियां
pratiyon	प्रतियों
prativaad	प्रतिवाद
prativad	प्रतिवाद
prativadi	प्रतिवादी
pratishat	प्रतिष्ट
praneet	प्रणीत
pranit	प्रणित
prapaat	प्रपात
prapat	प्रापत
prapaaton	प्रपातों
prapaton	प्रपातों
prabodhini	प्रबोधिनी
prayaasrat	प्रयास्त
prayasarat	्रराससात
pradarshan	प्रदर्शन
prardashan	प्रद्रशन
pravati	प्रववत
pravatti	प्रव््ति
prashaasanik	प्रशंसनिक
prashasanik	प्रशंसनिक
prashasnik	प्रश्सनिक
prashaasanon	प्रशासनों
prashansanon	प्रशंसनों
prashasanon	प्रशासनों
prashikshu	प्रशिक्षुत
prastaavon	प्रस्तवों
prastavon	प्रस्तवों
prahlaad	प्रहललाद
prahlad	प्रहल्द
prahasan	पररासन
prahsan	पररासन
prahaarak	परहारक
praharak	पराहारक
prahad	परहाद
prahlad	प्रहल्द
privacy	प्रिवासी
praakkathan	प्रक्टचन
prakkathan	प्रक्टठन
praan	प्रान
pran	प्रणन
pranon	््रननंं
prathamik	प्राथममक
prathmik	प्राथममक
praathmikata	प्राथमिकता
prathmikta	प्राथमिकता
prathmiki	प्राथममक
pradhyapakon	प्राध्यपकों
prapt	प्राप्
prapta	्रर्पता
prapti	प्राप्ति
praroop	प्ररूप
prarup	प्ररूप
priyamani	प्रियममीन
proof	प्रूप
pruf	प्रू
prekshakon	प्रेक्षकों
prem	प्रेम
premlata	प्रेमलता
prema	प्रेमा
premi	प्रेमी
profit	प्रोफ़ि
processing	प्रोसेसिंग
programers	प्रोग्रामेस
programmers	प्रोग्रामरस
programs	प्रोग्रांस
proto	््रोटो
propellant	प्रोपलललैंट
propellent	प्रोपललेंट
praudh	पररौढ्ध
proud	प्रोद
plan	प्लान
plane	प्लान
fund	फंड
funda	फंंडा
funding	फंडडिगग
fandon	फंदों
fagua	फगुआ
fatane	फटने
phatane	फटने
phatne	फटने
fadfadata	फड़फड़ाता
phadphadata	फड़फड़ाता
fatehgadh	फतेहगढ़
fatehgarh	फतेगगढ़
fabti	फाबतत
phabti	फबकती
farse	फर्स
pharase	फरससे
pharse	फर्स
farheen	फरहीन
farhin	फरहहन
farth	फर्थ
ferth	फर्थ
pharth	फर्थ
farmion	फर्मियों
fermion	फर्मियों
firmian	फर्मियन
farookhabad	फरूखाबाद
farrukhabad	दरिखााबाद
farukhabad	फरुखाबाद
farookhnagar	फरूचानगर
farrukhnagar	फरिचानगर
farukhnagar	फरिचानगर
falata	फलतत
falta	फलता
phalata	फलतत
falne	फलनन
phalne	फलने
falitarth	फलितरर्थ
phalitartha	फलीटार्थ
falibhoot	फलीभूत
falibhut	फलीभूत
phalibhoot	फलीभूत
favvara	फववररा
fawaara	फवारा
favvare	फववारी
fawaare	फवारे
favvaron	फववारों
fawaaron	फवारों
faisala	फैसला
faisla	फैसला
follow	फोलो
faansi	ाांसी
fansi	ैंसी
fatama	फटमा
fatma	फत्मा
faaf	फाप
phaaph	फाफ
farsi	फर्सी
forcee	फोर्सी
farm	फर्म
form	फर्म
farmic	फार्मिक
formic	फॉर्मिक
formulae	फॉर्मुलाई
formule	फॉर्मूलू
formuley	फॉर्मूलाई
pharmacy	फर्मससी
pharma	फर्म
pharmon	फर्मों
farms	फर्मस
finger	फिंगर
fikra	फिकरा
physician	फिजिसियां
firti	फर्टी
fisla	फिस्ला
fislaa	फिस्ाा
feeder	फीदर
fulaaye	फुलाए
fulae	फुलाई
fulay	फुलाय
furti	फुर्ति
phurti	फूर्ति
fus	फश
phoos	ूभस
phus	धूश
feka	फेका
fefada	फफफाा
fefda	फफफाा
facial	फैशियल
fact	फैक्ट
federal	फेडरल
failkar	फैलकर
failaaiye	फैलाइय
failaea	फैलाय
failaiya	फैलैय
failaiye	फैलाइ
failegi	फैलेगी
font	फैंट्ट
fogat	फोगत
phogat	फोगत
fod	ोोड
phod	फोड़
foda	ोोदा
fodaa	ोोदा
phoda	फोड़ा
fode	ोोड़
phode	ो़ड़े
fodo	़ोड़ों
fodon	ोदडोंं
phodo	फोड़ों
fortis	फोर्टिस
fusion	फ़शन
fuji	फुजी
fyuji	फ्यूजी
francisca	फ्रांसिस्का
franciska	फ्रांसिस्का
fransiska	फ्रांसिक्ाा
francisco	फ्रैंसिस्को
francisko	फ्रैंसिस्को
fransisko	फ्रांसिक्कों
fringe	फ्रिंज
friendship	फ्रींदिशप
frost	फ्ोोस्ट
flin	फ्लिन
flynn	फ्लियन
flesh	फ्लेश
bang	बंंग
bung	बुंग
bangbandhu	बंगबंधु
bangbhang	बांघभंग
bangash	बांगश
bangsh	बांग्श
bantane	बंटाने
bantne	बंटने
bandhati	बंधधती
bandhti	बंधधि
bandhan	बांधन
bandhuon	बंधुओं
bamba	बांबा
mumba	मुंबा
bakaayon	बकाययों
bakayon	बकायों
bakaul	बकौल
bakoul	बक़ूल
baksa	बक्स
baksi	बकसी
bakse	बक्से
bakhshane	बख्षाने
bakhshne	बख्ष्न
bagad	बागड़
bagd	बागदद
bageechi	बगीची
bagichi	बगीची
bachat	बचात
bachati	बचाती
bachti	बचती
bajana	बजना
bajrangi	बारंगी
bajaj	बाज़ज
batalvi	बटललीी
badhachadhakar	बढ़चाधकर
badata	बददा
badhaataa	बढ़ाता
badhata	बढ़ता
badhaati	बढ़ाती
badhati	बढ़तत
badhayi	बढ़ाई
badhav	बढ़वव
badhotari	बद़ोतररी
badhotri	बदधोत्री
batlaae	बतलाई
batlaaye	बतलाय
batlae	बतलाई
batlaye	बतलाय
batlaakar	बटलाकर
batlakar	बटलाकर
badlapur	बदलापुर
badali	बदली
badli	बदली
badam	बादम
banva	बनवा
banvaa	बनवा
banaam	बनाम
banam	बनाम
bnaam	बनाम
baniya	बनिया
banu	बननु
barpaayaa	बरपाया
barpaya	बरपाया
barsa	बरसा
barsaata	बरसाता
barsaataa	बरसाता
barsata	बरसता
barhad	बरहाड़
baraat	बरात
barat	बरात
braat	ब्रात
baraamad	बरामद
baramad	बरामद
bramad	भ्रमद्
baramade	बरममदे
baramde	बरसमडे
bare	बरे
birth	बर्त
baljeet	बलजजत
baljit	बलजजित
ballabh	बल्लभ
balla	बल्ला
balli	बल्ली
basava	बसवा
bastiyon	बस्तियों
bahroopiya	बहरूपीय
bahrupiya	बहरूपीय
bahamaas	बहमास
bahamas	बहमस्
bahaav	बहाव
bahav	बहवव
bhav	भव्
bahavalpur	बहववलपुर
bahawalpur	बहववलपुर
bahuchara	बहुचरा
banthia	बंथिया
banthiya	बंथिया
bandhate	बंधाते
bandhte	बंधतत
banbi	बांबी
bombi	बोमबी
bounceron	बाउंसरों
bowling	बोलिंग
baku	बकुु
bakuu	बकुु
baag	बागग
bag	बाग
bagh	बाघ
bagabani	बागबनी
bagbani	बागबानी
bagali	बगली
bagli	बगली
baagiyon	बागियों
bagiyon	बागियों
baago	बागो
bago	बागो
baji	बाजी
bazi	बाजी
bajaru	बाजरू
bazaru	बाजरू
bajuon	बाजूओं
badh	बढ़
badha	बढ़ा
baadhaaon	बाधाओं
baadhaon	बाधाओं
badhaaon	बढ़ाओं
badhaon	बधधाओं
baadhit	बधधित
badhit	बधित
baani	बानी
bani	बननी
baapa	बापा
baapaa	बापा
bapa	बापा
bapaa	बापा
baabat	बाबत
babat	बाबत
babt	बब्ट
bayern	बेयरन
byrun	ब्रून
barah	बररह
baarahamaasee	बारहमासी
barahamasi	बारहमसी
barahmasi	बारहमसी
barahsinga	बरहसिंगा
barasingha	बरसिंह्
bala	बला
baalti	बालती
balti	बालती
balty	बाल्टी
baldvin	बालद्वीन
baldwin	बाल्दवीन
bavaji	बववाीी
bavji	बावजी
baawaraa	बावरा
bavra	बववर
bawara	बववरा
baahulya	बाहुल्य
bahuly	बहुल्य
bahulya	बहुल्य
box	बोक्स
bikherati	बिखेरती
bikherti	बिखररती
biggest	बागिजेस
bichhua	बिछ्छआ
bichhuaa	बिछुआ
biji	बिजी
busy	बुसी
buzy	बुजी
bipin	बिपिन
bilae	बिलाई
bilai	बिलाई
billa	बिला
billaa	बिल्ला
bilhaur	बिलाहर
bisva	बिस्वा
biswa	बिस्वा
bag	बाग
bikaner	बिकनर
bikaneri	बिकननरी
bk	बकक
beejak	बीजक
bijak	बिजक
beef	बीफ
beem	बीम
bim	बीम
beemon	बीमों
bimon	बीमों
beerganj	बीरगंज
birganj	बरगगंज
beesavaan	बीसवान
bisavan	बिसवान
bisawan	बिसवान
beast	बीस्ट
budvig	बुड़विग
budwig	बुडवीग
bull	बुल्ल
bulaao	बुलाओ
bulao	बुलाओ
bule	बुले
bulletin	बुलेटिन
brijesh	बृजिश
benvar	बेनवर
benwar	बेनवर
beaulad	बेलाद
bekaaboo	बेकाबू
bekabu	बेकबबू
bechakar	बेचाकर
bechkar	बेचकर
bechate	बेचते
bechte	बेचते
bediyan	बेडियां
bethanal	बेथनाल
bethnal	बेथनाल
benis	बेनिस
belacha	बेलचच
belcha	बेलचा
belinda	बेलिंदा
bevkufana	बेवकूफना
bewakoofaanaa	बेवकूफना
bewkufana	बुवुकुान
besahaaraa	बेसहारा
besahara	बेसहरा
basin	बसीन
besin	बेसिन
basil	बससलल
besil	बेसिल
bandage	बंडागे
bandej	बंदेज
baithantey	बैठाते
baithate	बैठते
baitool	बैटूल
baitul	बैटुल
betul	बेटुल
baini	बैनी
beni	बेनि
bairakpur	बैरकपुर
barrackpore	बारकक्पोर
baila	बैला
bella	बेला
ballistic	बैलिस्टिक
bells	बेलसस
bostan	बोस्टान
bosten	बोस्टन
boston	बोस्टों
bokaro	बोकरों
bodara	बोदरा
bodra	बोद्र
bodraa	बोद्र
bona	बोना
borkar	बोरकर
borivali	बोरीवाली
boriwali	बोरीवाली
born	बोर्न
bolane	बोलने
boliae	बोलियाई
boliy	बोलीय
boliye	बोलीय
bosaan	बोसनन
bosan	बोसन
bauni	बौनी
bouni	बौनि
byaawa	ब्यावा
byavar	ब्यावर
brajesh	ब्रजेश
brijesh	बृजिश
brahmalin	ब्रह्मालिन
brahmleen	ब्रह्मलीन
brahmlin	ब्रह्मालिन
bravo	ब्रेवो
brigatn	बृगिटन
brighton	ब्रिइटन
brigton	ब्रिग्टन
brigadier	ब्रिगाडेयर
britain	ब्रिटेन
breed	ब्रीड
brock	ब्रॉक
brok	ब्रोक
broke	ब्रोक
brocken	ब्रॉकीन
broken	ब्रोकेन
blosam	ब्लोसम
blossom	ब्लोसोम
bhagaane	भगाने
bhagane	भगगने
bhadakaaya	भड़काया
bhadakaya	भड़काया
bhadkaayaa	भड़काया
bhadkaya	भड़काया
bharakaaya	भडकााय
bharakaya	भडकाया
bhabhoot	भभूूत
bhabhut	भाभूत
bhay	भय
bhaya	भाया
bhayo	भययो
bharatanatyam	भरततनाट्यम
bharatnatyam	भरतनााट्यम
bhartnatyam	भर्तनात्यम
bharate	भऱते
bharte	भर्ते
bharani	भरणी
bharni	भरणी
bharane	भरने
bharne	भरने
bhara	भरर
bhavishya	भवविष्य
bhaate	भाते
bhate	भटेे
bhanu	भानुत
bhabar	भारर
bhareeye	भररीय
bhariy	भारीय
bhavanaon	भववाओं
bhavnaon	भववनाओं
bhaskar	भस्कर
bheed	भीड़
bheera	भीरा
bhira	भिरा
bheesham	भीष्म
bhisham	भिष्म
bhishm	भिष्म
bhugat	भुगतत
bhugata	भुगता
bhugta	भुगता
bhutto	भूट्टो
bhumi	भूमि
bhurbhura	भुरभुरा
bhookh	भूर
bhukh	भूर
bhookhi	भूखी
bhukhi	भुखी
bhoogol	भूगोल
bhugol	भुगोल
bhootal	भूटल
bhutal	भूटाल
bhoopsingh	भूपसिंह
bhupsingh	भूपसिंघ
bhumi	भूमि
bhumika	भूमिका
bhulata	भुलता
bhulataa	भुलता
bhulta	भुल्ा
bhula	भुला
bhulaa	भुला
bhooli	भूली
bhuli	भुली
bhulo	भुलोओ
bhulon	भुलों
bhusi	भूसी
bhooswaami	भूस्वामी
bhusvami	भूस्वामी
bhuswami	भूस्वामी
bhengapan	भेंगापन
bhairavnath	भैरववनाथ
bhairo	भैरो
bhogatey	भोगते
bhogte	भोगते
bhola	भोला
bholi	भोली
bholu	भोलू
bhaunho	भूनोहो
bhaunhon	भूनोहों
bhoonhon	भून्हों
bhraant	भ्रंत
bhrant	भ्रंत
brant	ब्रंट
bhraanti	भ्रांति
bhranti	भ्रंती
branti	ब्रंटी
bhraantiyan	भ्रंतियां
bhrantiyan	भ्रंटियां
bhraantiyon	भ्रंतियों
bhrantiyon	भ्रंतियों
mangesh	मंगेश
manch	मांच
manchit	मानचित
mancheeye	मांचीय
manchiy	मांचीय
manchiya	मांचिया
manchon	मांचों
manjil	मंजिल
manzil	मंजोलि
manjila	मंजिला
manzila	मंजिला
manjilein	मंजीलें
manjilen	मंजिलें
manzilein	मंजिजेें
manto	मंटोो
mantriyon	मंत्रियों
makrani	मकररनी
maksad	मकस्द
makhdumpur	मकममुुपर
machaaye	मचाए
machae	मचाई
machaye	मचाए
machaanon	मचानों
machanno	मशननों
machano	मचनों
machanon	मचनों
madaura	मदौरा
madhuara	मधुरर
madhura	मधुर
manipal	मनिपाल
matpatron	मत्पत्रों
matthe	मत्ठे
matsyavatar	मस्त्यववतर
matsyavtar	मत्स्ववातरर
masyendranath	मस्येंद्रनाथ
matsyendranath	मत्सीने्रनाथ
madhupur	मधमुपर
manmarji	मनमरर्जी
manae	मााई
manaye	मााय
mnaey	मनाई
mam	ममर
mum	मूम
maryokar	मर्योकार
mayorka	मयोर्का
mayorkaa	मयोर्का
mardaani	मर्दानी
mardani	मर्दानी
marmar	मरमार
murmur	मरमूरम
maratha	मरथठा
marathi	मराठी
marji	मर्जी
mardanagi	मर्दानगी
mardangi	मरददंगी
mardo	मर्डडं
mardon	मर्डों
maryaadaa	मर्यादा
maryada	मर्यदा
maryaadaaon	मर्यदाओं
maryadaon	मर्यदाओंं
malaga	मलगगा
malaar	मााार
malar	मलार
mashrak	मश्रक
masaaledaar	मसालेदार
masaledaar	मस्लेदार
masaledar	मसालेदार
masoor	मसोर
masur	मसुर
masse	मासस
mahakane	महाकनन
mahakne	महाकने
mahkane	महकाने
mehkane	महककने
mahalon	महालों
mahlon	महलों
mahagranth	महाग्रंत
mhagranth	महाग्रंठ
mahajan	महाजन
mhajan	महाजन
mahathir	महारि
mhathir	महािि
mahanatam	महानतरम
mahantam	महानतम
mhantam	महानतम
mahanideshak	महानिदेशक
mahanirdeshak	महानिर्देशक
mhanideshak	महानीदेशक
mahapauron	महापुरों
mhapauron	महापुरों
mahapran	महाप्रण
mhapran	महाप्रण
mahamantr	महामंत्र
mahamantra	महामंत्र
mhamantra	महामंत्र
maharaja	महररजा
mahavigyan	महाविज्ञान
mhavidyan	महाविज्ञान
mahavidya	महाविद्य
mhavidya	महाविद्या
mahavishnu	महाविष्णु
mahasingh	महासिंघ
mahasinh	महासिंह
mahipal	महिपाल
mahin	महिन
mahinon	महिनों
maang	मांग
mang	मंगग
mangani	मंगानी
mangni	मंग्नि
maanga	मांगा
manga	मंगा
maangi	मांगी
mangi	मंगी
maange	मांगे
mange	मंगे
mango	मंगोो
maori	माररी
maajin	माजिन
majin	मजीन
mathe	मठ्ठे
mathey	मठे
maap	माप
map	मपर
mop	मोप
mamooli	ममूली
mamuli	ममूलली
mame	ममे
maarvaad	मारवाद
marvad	मरवााद
marwar	मरवार
maariya	मारिया
mariya	मरिया
maariyo	मारियों
mario	मारियो
mariyo	मरियो
martha	मर्थथा
maalish	मालिश
malish	मालिश
mave	मवव
mavey	मववे
maas	मास
mas	मास
mass	मास
maason	मासों
mason	मसों
mitaao	मिटाओ
mitao	मिटाओं
mithaai	मिठाई
mithai	मिठाई
media	मेडिया
mithila	मिथिला
mithilanchal	मिथिलांचल
mithya	मित्य
mimicry	मिमिक्री
milkiyat	मिलियतत
misha	मिशा
mungeri	मंगगरी
mundva	मुंडवा
mundwa	मुंडवा
munshiganj	मुशिसगगंज
mukarte	मुकरतत
mukartey	मुकर्ते
mukhopadhyaya	मुखपपुध्याय
mukhyopadhyaay	मुख्यपोध्याय
mukhyamantri	मुख्यमंत्री
munaf	ुनााफ
munafa	मुनाफा
munnu	मुन्नु
mufalisi	मुफालिसी
muflisi	मुफलिसी
mubarakpur	मुबारपुुर
mubarkpur	मुबरकपुरर
murjha	मुरझा
multae	मुल्ताई
multai	मुल्टाई
mushahid	मुशाहिद
muhavare	मुहावरे
muhavre	मुहावरे
mooth	मूठ
muth	मूठ
mood	मूद्ध
mud	मुद्
moodi	मूडी
moody	मूद्य
mool	मूल
mul	मुल
moolchand	मूलचंद्
mulchand	मूलचंद्
moolar	मूलर
mular	म्लर
muller	म्लूयर
moolon	मूलों
mulon	मूलों
maxico	मैक्सिको
mexico	मैक्सिको
mega	मेगा
megapixal	मेग्पिकेल
megapixel	मैगेप्सकेल
mejbaan	मेजबान
mejban	मेजबान
mezbaan	मेजबान
mejabani	मेजबानी
mejbaani	मेजबानी
mejbani	मेजबानी
mezabani	मेजबानी
mejbaan	मेजबान
mejban	मेजबान
mezbaan	मेजबान
mejbaani	मेजबानी
mejbani	मेजबानी
mezbaani	मेजबानी
mate	मते
met	मेट
mates	मैट्स
medical	मैडिकल
methanol	मेथनॉल
menu	मेनु
mem	मेम
melaghaat	मेलाघाट
melghat	मेलघाट
melaanin	मेलानिन
melanin	मेलानिन
melaani	मेलानी
melani	मेलानी
maheman	महममान
mehamaan	मेहमान
mehaman	मेहमान
mehmaan	मेहमान
mehman	मेहमान
meharaam	मेहराम
mehram	मेहरम
macbook	मक्ूबक
matix	मटिर्क्स
matrix	मेट्रिक्स
mad	मद़
made	मदे
maid	मेद
maddy	मद्यि
maidi	मदडी
main	में
man	मण
men	में
mainan	मैनन
menon	मेनों
manner	मैनर
maina	मैना
maine	माइे
marrej	मरेजज
marriage	मरिजरज
merraige	मररेज
maisachusets	मैसाचुसेट्स
massachusetts	मेसाचुसेट्स
maisor	मैसोर
maisore	मैसोर
mysore	मैसोर
mod	मोद
mode	मोड़
modern	मॉडर्न
module	मोडललल
modules	मॉडललल्स
modyuls	मॉड्योल्स
mauritious	मॉरीशसस
mauritius	मॉरीशस
mogali	मोगली
mowgli	मॉगली
motive	मोटिव
mol	मोल
mold	मोल्ड
moshe	मोशे
mosad	मोसाद
mohana	मोहना
mohani	मोहनी
mohini	मोहिनी
mohim	मोहिम
maukon	मौकों
mauma	मौमा
maurya	मौरिय
morya	मोरयय
maurya	मौरिय
mauryon	मोर्यों
moryon	मोर्यों
maulaviyon	मौलवियों
maulvidon	मौलविदों
maulviyon	मौलवियों
maule	मूले
mauley	मॉले
mausa	मौसा
yatn	यतनन
yatna	यतना
yada	यददा
yda	यदद
yaduvansh	यदुवंश
yaduwansh	यदुवंंश
jerusalem	जेरूसलल
yarooshaleim	यरूश्लाम
yarushalem	यरुश्लाम
yashpaal	यशप्ाल
yashpal	यशस्पल
yaatna	याटना
yatna	यतना
yaatanaon	याटनाओं
yatnaon	यतनाओं
yarayan	यारायण
yatraein	यात्राएं
yatraen	यात्राएं
yaariyan	यारियां
yariyan	यरियां
yaari	यारी
yari	यारी
yugam	युगमम
yugm	युग्म
yuddhrat	युद्धरत
yudhrat	युद्रत
ukrainian	उक्रेनियन
ukranian	उक्रानियन
jerusalem	जेरूसलल
yorker	यॉर्कर
yojanaein	योजनेएं
yojanaen	योजनाएं
yojanaye	योजनाए
rangate	रंगते
rangte	रंगते
rangkata	रंगकता
ranjkatha	रंजकक्
ranjkta	रंजकृत
raees	राईस
rais	राश
raktaabh	रक्ताभ
raktabh	रक्ताभ
rakhna	रखना
raghupati	रघुपति
raghuram	रघुराम
registerd	रिजिस्टर्ड
registered	रजिस्टरेड
ratanpur	रतनपपुर
runners	रनरर्
rayan	रायन
ryan	रायान
ralhan	रालहन
ravish	रविष
ravael	रवाल
ravel	रववल
rawail	रवालल
rasad	रसाद
rasaayanik	रसायनिक
rasaayanika	रसायनिक
rasayanika	रसायनिक
rasyanik	रास्यनिक
rasaayanon	रसायनों
rasayanon	रसायनों
rahamat	रहमत
rahmat	रहमत
rhamat	रहमत
rahenge	रहहंगे
rahegi	राहगगी
rounder	रांडर
raak	राक
rak	रक
raakhe	राखे
rakhe	रखे
raagon	रागों
ragon	रगों
raghavan	रघवान
raaj	राज
raj	रजज
rajkot	राजकोत
rajtantra	राजतंत्र
raajneetikaran	राजनीतिकरण
rajneetikaran	राजनीतिकरण
rajnitikaran	राजनीतीकरण
rajma	राजमा
rajman	राजमान
raajasva	राजस्व
rajasva	राजव्व
raaji	राजी
raji	रजी
rajinaama	राजिनाम
rajinama	राजिनाम
raajon	राजों
rajon	रजजो
rana	रण
raatrichar	रार्टिचर
ratrichar	रत्रिचार
raadhe	राधी
radhe	राध
ranapur	रणापुर
rabin	रबीन
robin	रोबिन
rabha	रभा
ramkot	रामकोट
ramkote	रामकोट
ramtek	रामतेक
rampur	रमपपुर
rambharose	रामभारोसी
rambharosey	रामभारोसी
ramraj	रामरज
raalod	रालोद
ralaud	रलादु
ralod	रालोद
ravaley	रावले
ravle	रावले
rasayanik	रसायनिक
racreation	रेक्रेशन
recreation	रिक्रेशेशन
rig	रिं
riggs	रिग्स
rigs	राल्स
richual	रिचुल
ritual	रिटुअल
reduction	रेडक््शन
ripan	रिपण
ripon	रिपों
ria	रिया
riya	रिया
rishte	रिश्टे
rishtey	रिश्ते
risane	रिसने
risaney	रिनने
risne	रिजन
rihana	रिहना
rihanna	रिहन्
regal	रेगल
rigal	रिगल
reasonal	रिजोनल
regional	रेजिननल
retreate	रिट्रेयट
retweet	रिट्वीट
reeta	रीता
rita	रिता
rukate	रुकते
rukte	रुकते
ruktey	रुकते
rugan	रूग्ण
rugna	रूग्ण
ruganta	रुगाता
rugnata	रूग्नता
rojvelt	राजवेललट
roojwelt	रूजवेल्ट
roosevelt	रूज़वल्ट
rodolph	रोडोल्फ
rudolf	रूडोल्फ
rudolph	रूडोल्फ
roopesh	रूपेश
rupesh	रूपेश
ruby	रूबी
roomani	रूमानी
rumani	रूमानी
rukavaton	रुकावटों
root	रूट
route	रुउट
rooting	रूटिंग
routine	रोटिन
routing	राउटिंग
roots	रुत्स
routes	रुउट्स
roopak	रुपक
rupak	रूपक
roopi	रूपी
rupi	रूपी
rantle	रांतली
rental	रेंटाल
registan	रजिस्तान
registani	रेजिस्तानी
reja	रेजा
reza	रेजा
rate	रतत
rate	रतत
ret	रेट
refaeli	रेफाली
refeli	रेफ़ली
reshe	रेश
reshey	रेशे
race	रास
rese	रेस
racer	रेसर
recer	रिसर
racing	रेसिंग
reson	रेसों
rehaana	रहहाना
rehana	रहना
racketeer	रैकिटिर
racketier	रैकेटियर
rectare	रेक्टार
radical	राडिकल
raidical	राडिकिकल
raith	रैठ
rapping	रैपिंग
wrapping	रैपरिंग
robertsan	राबर्ट्सन
robertson	रॉबर्टन
robinson	रॉबिंसन
royals	रोयलल्स
rojlin	रोजलिन
rozlyn	रोजलिन
rotation	रोटेशन
rodrigo	रोडरिगों
ronaldo	रोनालडडो
ronit	रोनिट
roni	रोनी
ropane	रोपने
ropaney	रोपने
ropne	रोपने
robin	रोबिन
roya	रोया
rollers	रॉलर्स
rovan	रोवन
rowan	रोवन
rosario	रोसरियो
rosariyo	रोसरियों
raubadaar	रौबदार
raubadar	राबददर
raubdar	राबदार
landara	लंदारा
langada	लंगड़ा
langda	लंंगड़ा
langar	लंगगर
langaron	लंगारों
langron	लंंगरों
lambi	लंबी
lakeer	लकीरर
lakir	लकीर
lakiron	लाकिरों
lakme	लक्मे
lakshmidhar	लक्ष्मीधार
lakshmighar	लक्ष्मीचर
lakshy	लक्ष्य
lakshya	लक्ष्य
lakshyon	लक्ष्यों
lux	लु््स
laksar	लक्सर
luxor	लक्सर
lakhkhi	लख्खी
lagna	लगनन
laganewale	लगननेवाले
lagnevaaley	लग्नेवाले
lagnewale	लग्नेवाले
lagega	लगीगा
lajjalu	लज्जलल
latkate	लटकते
ladki	लड़की
ladate	लाड़त
ladte	लड़ते
ladaai	लड़ाई
ladai	लड़ाई
ladaaiyon	लड़ाइयों
ladaeyon	लड़ाइयों
ladaiyon	लड़ाइयों
lapetane	लपेटने
lapetne	लेपटेन
labada	लाबड़ा
lbada	लबाड़ा
labdh	लब्ध
lbdh	ल्ब्
lalak	ललक
lalkarata	ललकर्ता
lalkarta	लालकर्ता
lalla	लैला
lavasa	लावसस
lovasa	लोवासा
lassi	लासी
lahanaa	लहना
lahna	लहना
lehna	लहना
lahraee	लहरायी
lahrai	लहरायी
lehrayi	लहरायी
lahalhati	लहहलाती
lahlahaati	लहहहाहटी
lahlahati	लहहहाटी
lahsun	लहसूून
lasoon	लसूून
lanchar	लांचर
launcher	लानेचर
lycopene	लायोकपपन
lime	लिमम
lives	लिवेस
live	लीव
laegi	लाएगी
lagataar	लगातार
lagatar	लगातर
laata	लाता
lata	लता
laati	लाती
lati	लतत
layega	लाएगा
lalpur	ललपपुर
las	लास
last	लस्ट
lindbhed	लिंदभेद
lingbhed	लिंगभेद
lindan	लिंदन
lindn	लिंडन
lindon	लिंडन
likhakar	लिखाकर
likhkar	लिखकार
ligar	लीगर
liger	लाइजर
liberation	लाइबरेेशन
libration	लाइब्रेशन
liberation	लाइबरेेशन
libration	लाइब्रेशन
leaderon	लीडररं
leedaron	लीदारों
lidaron	लिदारों
liidaron	लिडाररों
louis	लूईस
luis	लुयस
ludhakate	लुढ़कते
ludhkate	लुढ़कते
lurhakate	लुढ़कते
lutf	लुटफ
lumding	लममडिंग
lootmaar	लूटमार
lootmar	लूटमार
landal	लंडडल
lendal	लेंडल
lega	लेगा
legaa	लेगा
letakar	लेटाकर
letkar	लेटकर
lenevali	लेनेवाली
lenewali	लेनेवाली
label	लेबेल
labeling	लेबेलिंग
labelling	लेबेलिंग
labelo	लेबललो
labelon	लेबललं
lebalon	लेबललं
lemon	लेमोन
laingadan	लैंगड़न
langdon	लैंगड़ों
lengdan	लेंग्डन
laigikata	लैगिकता
laingikta	लैंगिकता
lanset	लैंसेट
lenset	लेंसेट
lairi	लैरी
lairy	लैरी
larry	लेरी
lace	लेस
less	लेस
locket	लॉकेट
laundry	लौनड्रर
longewal	लॉंगेलाल
longewala	लॉंगेवाला
longoval	लोंगोवाल
log	लॉग
loge	लॉज
lochdar	लोचदार
lodi	लड़ी
laurence	लारेंस
laurens	लॉरेंस
laurense	लॉरेंस
wonder	वंडर
vansh	वंश
vanshdhar	वंश्धर
vanshavad	वंशावद
vanshvaad	वंश्वाद
vanshvad	वंश्वाद
wanshwad	वाश्ववाद
vajood	वजूद्
vajud	वजजूद
wajood	वजूद्
vadali	वादली
vadli	वादली
wadali	वादली
vanita	वनीतत
vareinye	वरेनी
varenya	वरेन्य
varn	रर्ण
varna	वर्ण
varnit	वर्नित
vartamaan	वार्तमन
vartaman	वार्तमन
vartmaan	वार्तमान
vartman	वार्तमान
varddhaman	वर्द्धमन
vardhmaan	वर्धमान
vardhman	वर्धमान
verbal	वर्बल
varshan	वर्षण
vasharan	वशषरण
vershan	वर्शन
version	वर्जिनन
varsaache	वर्साची
varsaryache	वर्सरययच
vasearche	वसीरचच
valkan	वालककन
valkkan	वल्क्ण
velkan	वेलककन
vash	वाष
vashikaran	वाषीपीकण
vaangchuk	वांगुचक
vangchuk	वंंगुुक
wangchuk	वांगुकक
want	वांत
vije	विजे
vise	विसी
wise	वाज
vatar	वातर
water	वेटर
watson	वा््स
wattson	वात्सन
vaan	वान
waan	वान
vaanon	वानों
vanon	वनों
wanon	वनों
vatanukulan	वातानुकूलन
watanukoollan	वातानुकूल्न
vaadak	वादक
vadak	वादक
vaadiyon	वाडियों
vadiyon	वाडियों
wadiyon	वाडियों
vayana	वायना
vayna	वययन
wayna	वायना
wireless	वायरलेस
wirerless	वायरल्सेज
warrior	वरियर
warriors	वररिश्स
valve	वाल्व
wolv	वल्व
vastavik	वास्तववि
vastvik	वास्त्विक
vaahikayen	वाहिकाएं
vahikayen	वाहिकाएं
wahikayan	वाहिकाएं
winter	विंटर
vincent	विंसेंट
vikalpon	विकल्पों
wicket	विकटट
vikramjeet	विक्रमाइत
vikramjit	विक्रमािि
vichaarakon	विचारकों
vicharakon	विचारकों
vigyan	विज्ञान
vigyaani	विज्ञानी
vigyani	विज्ञानी
vigyaanon	विज्ञानों
vigyanon	विज्ञानों
vitthal	वित्थल
viththal	विठ्ठल
vitthal	वित्थल
vitark	वितर्क
vidhaaein	विधायं
vidyaayein	विद्याये
vidyaen	विद्यान
vidhaaon	विधाओं
vidyaaon	विद्याओं
vidyaon	विद्याओं
vidhansabhaein	विधानसभाएं
vidhansabhaen	विधानसभाएं
vidhivat	विधिवत्त
vidhut	विध्युत
vinasht	विनाष्ट
vineet	विनित
vinit	विनित
vipreetataa	विप्रितता
vipritata	विपरितता
vipra	विप्र
vipro	विप्रो
wipro	विप्रो
vibha	विभा
vibhajak	विभाजक
vibhram	विभर्म
vibhrm	विभर्म
vibram	विब्रम
vimarsh	विमर्श
vimarsho	विमर्शों
vimarshon	विमर्शों
virajati	विराजती
virechan	वेरेचन
virodh	विरोध
virodhabhasi	विरोधाभससी
virodhabhason	विरोदाभसों
vividh	विविध्ध
vivekahin	विवेकाहीन
vivekheen	विवेखीन
visheshan	विशेषण
visheshanon	विशेषनों
visheshaadhikaar	विशेषाधिकार
visheshadhikar	विशेषाधिकार
vishwasaniy	विश्वासनीय
vishwasniiya	विश्वासनीय
vishwasaniyata	विश्वासनियता
vishwasniiyataa	विश्वस्नियता
vishahin	विशाहीन
vishhin	विशीन
vishanu	विषाणु
vishnu	विष्णुत
vlc	व्ल्स
weeks	विक्स
veerchand	वीरचंद
virchand	विरचंद
veeresh	वीरेश
viresh	विरेश
vritton	वृत्तों
vruton	वृत्तों
vrutton	वृत्तों
venkataraman	वेंकटरमण
venkatraman	वेंकटरमम
ved	वेद
wade	वाड
wed	वेड
wedding	वेडिंगिग
vediyon	वेदियों
vedon	वेदों
venezuela	वेनूजुला
veronica	वेरोनिका
veronika	वेरोनिका
weronika	वेरोनिका
velvet	वेल्वटट
welwet	वेल्टट
welder	वेल्डर
weldor	वेलडडर
welding	वेल्डिंग
wealth	वैल्थ
vellur	वेल्लर
velur	वेल्लर
vesh	वेश
wasting	वास्टिंग
westing	वेस्टिंग
wastinghouse	वास्तिंहास
westinghouse	वेस्टिंहास
vaisley	वैस्ली
vesle	वेसलल
wesle	वेसलल
vaigyaanik	वैज्ञानिक
vaigyanik	वैज्ञानिक
vegyanik	वाज्ञानिक
vaigyaanikta	वैज्ञानिकता
vaigyanikata	वैज्ञानिकता
vaigyanikta	वैज्ञैनिकता
vaitravati	वैत्रवतत
vaitrawati	वैत्रवतती
vaimanasy	वममानसी
vaimanasya	वैमानसय
vaimanya	विमान्य
very	वेरी
vaisaakh	वैसाख
vaishakh	वैश्ख
vaishaakhi	वैशाखी
vaishakhi	वैश्खी
vaishnodevi	वैष्नोदेवी
vyaktigat	व्यक्तिगात
vyagr	व्याग्र
vyagra	व्याग्र
vyatit	व्यतित
vytit	व्यतित
vyabhichar	व्याभिचार
vyabhichari	व्याभिचारी
vyavadhan	व्यववाान
vyavdhan	व्यवधान
vyavahargat	व्यवहार्त
vyvhargat	व्याहररगत
vyaghat	व्यागत
vyapak	व्यापक
vlad	व्लाद
wlaad	वलाद
vladimir	व्लाडिमीय
shanghai	शंघाई
shatpath	शप्तप
shanivar	शानिवर
shaniwar	शानीवर
shabana	शबनन
shbana	शबबन
shabdarth	शब्दार्थ
shamadan	शमदान
shmadan	श्मदन
shamitabh	शमषताभ
shamil	शामिल
shmil	श्मिल
sharabon	शरबबण
shrabon	शरबबण
shararat	शरार्त
shrart	शररर
sharmana	शरममन
shaharwasiyon	शहरवासियों
shahrvasiyon	शहर्वसियों
shervasiyon	शेरवासियों
shahdara	शाहदरर
shaantikaal	शांतिकाल
shantikal	शांतिकाल
shaao	शाओं
shao	शाओं
shaakir	शाकीर
shakir	शाकीर
shaakhaaen	शाखाएं
shakhayan	शखखाएं
shakhayen	शाखएएं
shayak	शायक
shaavakon	शावकों
shavakon	शावकों
shavkon	शावकों
shaasaka	शासक
shasak	शससक
sasakon	ससकों
shaasakon	शासकों
shasakon	शासकों
shipra	शिप्रा
shirke	शिरके
sheershakon	शीर्षकों
shirshakon	शिर्षकों
shirshkon	शिर्षकों
shujaat	शुजात
shujat	शुजात
shooting	शूटिंग
shutting	श्टिटिंग
should	शाल्द
shud	श्दु
shubhankar	शुभांकर
shumaali	शुमाली
shumali	शुमाली
shringaar	श्रृंगार
shringar	श्रृंगार
shrungar	शृरुंार
sheling	शेलिंग
shelling	शेलिंग
shaili	शैली
shaly	शलयय
sheli	शैली
shaishav	शिशाव
sean	सिन
shaun	शोन
shawn	श्नन
short	शार्ट
sure	सुरे
shrankhala	श्रृंखला
shrankhalaa	श्रृंखला
shrunkhla	शृंृलाल
shrankhalaaon	श्रृंखलाओं
shrinkhalaon	शृंृंालं
shrunkhlaon	शृंृललओं
shravani	श्रवाणी
shrikar	श्रीकार
shrikhand	श्रीखंद
shrimati	श्रीमती
shriram	श्रीरम
sriram	र्रीमाम
shrotaon	श्रोताओं
shat	ष्ट
sankhyaein	संख्याएं
sankhyaen	संख्याएं
sankhyayen	संख्याएं
sanghanit	संघानित
sanghnit	संघानित
sanchayan	संचायन
sanchar	साचचर
sanchaari	संचारी
sanchari	संचारी
sanchalanon	संचालनों
sanchalnon	संचालनों
sanjay	संज्य
sanjeevan	संजीवन
sanjivan	संजीवन
santati	संताती
sandarbh	संदर्भ
sandarbha	संदर्भ
sandrbh	संदृभ्भ
sandarbhon	संदर्भों
sandrbhon	संद्रभों
sandali	संडली
sandli	सांडली
sandhan	संधनन
samprati	संप्रति
samprti	संप्रति
samprabhu	संप्रभुभ
samprbhu	संप्रभु
samprabhuta	संप्रपूता
samprbhuta	संप्रभूता
sambit	संबित
sambhalane	संभालने
sambhalne	संभालने
sambhrant	संभृरंत
sanbharnt	संभार्ंत
sanyog	संयोग
sanyukt	संयुक्त
sanyukta	सायुककतत
sanyukta	सायुककतत
sanyogvash	सायोग्वश
sanyojan	संयोजन
sanyojanon	संयोजनों
sanyojnon	संयोजनों
samvedikaran	संवेदीकरण
sanvedikaran	संवेदिकरण
samshayon	समशायों
sanshayon	संशायों
sanshyon	संश्यों
sanskaar	संस्कार
sanskar	संस्कार
sanskaari	संस्कारी
sanskari	संस्कारी
sanskrit	संस्कृत
sanskurt	संस्कृत
sanskritiyan	संस्तुरियां
sanskrutiyan	संस्तुरियां
sanskritiyon	संस्तुरियों
sanskrutiyon	संस्तुरियों
sanasthit	सनस्थित
sansthit	संस्थित
sanasthita	सनस्थिता
sansthita	संस्थिता
sakara	सकरा
sakra	सकरा
sakshan	साक्षण
suction	सक्किन
sacchidanand	सच्चीदानंद
sachhidanand	सचीचानंंद
sachidanand	सचिदानंद
sajja	सज्ज
sat	सात
satpal	सत्पाल
satluj	सतललूज
sataane	सताने
satane	सतने
sate	सते
satti	सत्ती
satvat	सत्वत
sadanand	सदानांद
sapane	सपनाे
sapne	सपनाे
sapney	सपने
saparivaar	सपरविवार
sapariwar	सपरववार
sparivar	स्परिवार
sapaat	सपतत
sapat	सपत
sapate	सपतत
sapatey	सपतते
saptakranti	सप्तारकाती
saptkraanti	सप्तरराांती
saptapadi	सप्तापदी
saptpadi	सप्तपददी
saptari	सप्तरी
sapramaan	सप्रमान
sapraman	सप्रमाण
submit	सब्मित
sabmission	सब्मिसन
submission	सब्मिशन
sabhaein	सभाएं
sabhaen	सभाएं
sabhayen	सभायें
sabhen	सभभें
sabhasadon	सभासवों
sabhyata	सभ्यता
samjhoonga	समझूंगा
samjhunga	समझुंगा
samjhungaa	समझुंगा
saman	सामन
samanvayaka	समन्वययक
samanwayaka	समन्वययक
samnvyak	समन्वययक
samaadhaan	समाधान
samadhan	समधधन
samadhiyon	समाधियों
samadjiyon	समादजियों
samalakha	समालख
samalakhaa	समालखा
samahaar	समाहार
samahar	समारार
samitiyan	समितियां
sametati	समेटेी
sametti	समेटी
sarka	सर्का
sarkaa	सर्का
sarkarein	सरकरें
sarkaren	सरकरें
sarkaaron	सरकारों
sarkaron	सरकारों
sargana	सर्गन
sarganaon	सर्गणों
sargi	सर्गी
sarguja	सर्गुज
sarjuga	सर्जगा
sarsa	सरसा
sarsaa	सरसा
sarahind	सराहिंद
sarhind	सरहिंद
sirhind	सिरहिंद
saraaha	सराहा
saraha	सरहह
saraahi	सराही
sarahi	सारही
salaahkar	सलाहकर
salahkaar	सलाहकर
salahkar	सलाहकर
saleeb	सलीब
salib	सलीब
select	सेलेक्ट
saltanat	सललटााट
saltnat	सललटता
savaal	सवाल
saval	सवाल
sawaal	सवाल
sawal	सवाल
sahakalaakar	सहकालकर
sahakalakar	सहकालकर
sahkalakar	सहकालकर
sahadev	सहदेव
sahdev	सहदेव
sahrawat	सहरावत
sherawat	शेरावत
sahooliyata	सहूलियता
sahuliyat	सहूलियत
sahuuliyata	सहूलियता
saanketika	सांकटटिका
sanketik	संकेटिक
saimans	सैमानस
simmons	सिमोंस
symons	स्योमंस
saima	सयमा
sagarika	सगररकका
sagrika	सग्रिका
saga	सगगा
saajan	सजजन
sajan	सजन
saajsajja	साजस्जज
sajsajja	सजसज्ज
saja	सजा
saathsaath	साथसाथ
sathsath	सथस्था
sathiya	सथथयय
saabah	साबाह
sabah	साबह
samanjasy	समंजस््
samanjasya	समंजज्य
samoa	समोह
samoaa	समोहा
saayn	सायन
sayan	सययन
saym	सय्य
saira	सैरा
sayara	सायरर
sayra	सारा
salve	सल्वे
sahab	सहाब
singapore	सिंगापुर
singaar	सिंगार
singar	सिंगार
singer	सिंगर
singhaadey	सिंघाड़े
singhade	सिंघाड़े
singhde	सिंघरी
singhre	सिंघरे
singhi	सिंघी
singha	सिंघह
sinha	सिंहहा
siera	सियरा
sierra	सिररा
sikud	सिकुड़
signals	सिग्नललस
cigaretton	सिगरेटटन
cigretton	सिग्रेटन
siddhivat	सिद्धिवत
siddhvat	सिद्धवात
siddhwat	सिद्धवात
sinabang	सिनाबंग
synapse	सिनापसस
sipah	सिपह
sipaha	सिपहा
sipahiyon	सिपहियों
sipahi	सिपही
sim	सिम
simat	सीमत
simatataa	सिमटता
simatta	सिमत्ता
simtata	सिमटतता
simtataa	सिमटतता
cement	सेमेंट
simate	सिमते
simi	सिमम
simmy	सिम्मी
sims	सिम्स
siyasi	सियासी
siyah	सियाह
siyaha	सियाहा
sirpur	सरपपुर
sivan	सिववा
siwan	सिववन
sisva	सिस्वा
siswa	सिस्वा
cil	सिल
csi	सीएसईई
sikar	सिकर
seaten	सीटन
sitaram	सितरराम
sitaharan	सिताररण
cpm	सपपीम
cps	क्परस
cbse	क्बास
seem	सीम
sim	सिम
sealed	सीलैड
shield	शिल्ड
ccd	स्डीडी
sugamata	सुगमता
sugmta	सुगमतता
sujan	सूजन
sujen	सूजें
suken	सूकें
sujain	सुजाने
sujhaati	सुझाती
sujhati	सुझाटी
sutali	सूतली
sutli	सुतली
suta	सूता
sdueep	स्दीप
sudip	सुधीप
sudhaargrah	सुधार्र्ह
sudhargrih	सुधार्धृह
sudhargruh	सुधार्धृह
sunaaron	सुनारों
sunaron	सुनारों
sunaseer	सुनसीर
sunasir	सुनासि
suneeti	सुनीति
suniti	सुनिति
sunega	सुनेगा
suneyga	सुनेगा
superhit	सुपरिहित
supachy	सुपचाय
supachya	सुपचाया
supachye	सुपचाय
subhaay	सुभाय
subhay	सुभाय
surveen	सर्विन
survin	सर्विन
surana	सुरना
sulkhan	सुलखहन
suljaayi	सुलझायी
suljayi	सुलझायी
suljhai	सुलझाई
sulzai	सुलझाई
sultana	सुल्तान
sulaati	सुलाती
sulati	सुलतत
susanskrit	सुसंस्कृत
susanskrut	सुसंस्कृत
suhagin	सुहागिन
soond	सूंड
sund	संधड
suiyan	सिइयन
sukhati	सूखती
sukhti	सूखती
sukhakar	सुखाकर
soochak	सूचक
suchak	सूचक
sooja	सूजा
suja	सुजा
suba	सूबा
sube	सूब
sooraj	सूरज
suraj	सुरज
surinaam	सुरीनाम
surinama	सुरीनामा
suriname	सूरिनाम
suryadev	सूर्यदेव
sendha	सेंध
senvai	सेंवाई
sevai	सेवाई
sensing	सेंसिंग
sexual	सेक्सुल
saturday	संृुद्य
seti	सेती
seto	सेटो
seth	सेठ
safety	सेफ़टटी
semen	सिमेन
semin	सेमिन
self	सेल्फ
selfie	सेल्फी
save	सवव
sev	सेव
sevakon	सेवकों
sevkon	सेवकों
samuels	सैमुल्स
celery	सेलरी
salary	सालारी
sakar	साकार
socar	सोकर
soccer	सॉक्सर
songs	सानग्स
solicitor	सॉलीसिटर
sochane	सोचने
sochne	सोचने
sonu	ोनोुु
soma	सममा
spma	स्प्मा
somi	सममी
soy	शो
soya	िोाा
solitaire	सोलीटायर
soharai	सोहराई
sohrai	सोहराई
sohaval	सोहववल
sohawal	सोहववल
saunpane	सोंपाे
sonpne	सोंपने
scala	स्कला
skala	स्कला
ski	स्की
scootaron	स्कूटरों
scooteron	स्कूटरों
skootaron	स्कूटरों
scandinavia	स्कैंडीनववय
scaining	स्केनिंग
scanning	स्कैनिंग
squash	स्क्वाश
squash	स्क्वाश
skhalan	स्खलन
stain	स्टेन
stan	स्टान
stop	स्तोप
stops	स्टोप्स
stone	स्टोन
straws	स्ट्रास
stress	स्ट्रेस
stra	स्ट्रा
stray	स्ट्राय
stre	स्ट्री
strocks	स्ट्रोक्स
strokes	स्ट्रोकेस
stan	स्टान
stanadhari	स्तनधारी
standhaari	स्तनधारी
standhari	स्तनधारी
sthiti	स्थिति
stithi	स्तिथि
stuti	स्टुटि
sthitiyaan	स्थितियां
sthitiyan	स्थितियां
sthitiyon	स्थितियों
sthool	स्थूल
sthul	स्थुल
sthoolta	स्थूलता
sthulata	स्थुलता
sneakers	स्नेकर्स
snickers	स्निकर्स
snikarse	स्निकर्स
spear	सपपर
spell	स्पेल
spelar	स्पेलर
speller	स्पललर
sprint	स्प्रिंट
sprit	स्प्रिट
spray	स्प्राय
spry	स्प्रीय
sfoorti	स्फूर्ति
sfurti	सुफर्ति
sphoorti	स्फूर्ति
slide	स्लाइड
slider	स्लीडर
slaaidon	स्लैडोों
slidon	स्लीडडों
sliders	स्लीडर्स
slides	स्लीडडस
slice	स्लासस
slash	स्लाश
swaroopon	स्वरूपों
swarupon	स्वरूपों
swa	स्वा
swaachaalit	स्वचालित
swachalit	स्वचालित
swaarthparak	स्वार्थपार्
swarthparak	स्वर््पपरर
swiftlate	स्विफ्ललेट
swiftlet	स्विफल्लेट
sweekarte	स्वीकर्ते
swikarte	स्वीकारते
sweet	स्विट
sweep	स्वीप
sweccha	स्वेच्छ
swecha	स्वेच्छा
swechha	स्वेच्छ
sweta	स्वेता
swap	स्वाप
swipe	स्विपी
handiya	हंदिया
handiyaa	हंदिया
hundiya	हंडिया
hakikat	हाकिकत
haqeeqat	हकीकत
hathiya	हथिया
hamala	हमाला
hamla	हमलल
hamalavar	हमलावर
hamlavar	हमलावर
humlavar	हमलावर
hamaal	हमाल
hamal	हमाल
hercules	हर्ककल्स
hardas	हरददस
harpaal	हरपाल
harpal	हरप्ल
harvansh	हरवंश
haraval	हरावल
harawal	हरावल
hurricane	हररिककन
harijan	हरिजन
hariyali	हरियाली
harshit	हर्षित
haldi	हाद्दी
halla	हल्ला
hawamahal	हववाहल
hawalaat	हवलात
hawalat	हवालत
hasino	हससनों
hasinon	हसीनों
haan	हान
han	हं
haanfte	हांफ्टे
hafate	हफाते
hanfte	हैंफटे
higman	हिग्मान
hymen	हममनन
hadauti	हड़ौती
haani	हानी
hani	हानि
haarjeet	हरजजित
harjeet	हरजजत
haaranaa	हरणना
harana	हरणा
harna	हरना
haalchaal	हालचाल
haalchal	हालचाल
halchaal	हलचाल
halchal	हलचल
halt	हैल्ट
hault	हॉल्ट
hahakar	हहकर
hingis	हिंगिस
hindan	हिंदन
hindon	हिंदों
hijada	हिजड़ा
hijda	हिजड़ा
hijbul	हिजबूल
hippo	हिप्रो
hippopotamus	हिपोपोटोसम
himali	हिमाली
hilane	हिलाने
hilne	हिलने
hisham	हिशम
heeraganj	हीरगंज
hiraganj	हीरगंज
heroes	हिरोज
heros	हिरोस
hui	हुई
huin	हुइं
hooper	हरपप
huppar	हपपपर
hupper	हप्पर
hegde	हेग्डे
hemvati	हेमवाती
hemwati	हेमवाती
help	हेल्प
helper	हेल्पर
haito	हैटो
hairam	हैरैम
harem	हरेम
herald	हेरलल्ड
haive	हैवव
have	हावे
hong	होंग
half	हल्फ
hoaf	होउस
hounga	हौंगा
holding	होल्डिंग
hoshangabaad	होशंगाबाद
hoshangabad	होशंगाबाद
hostes	होस्टेस
hostess	होस्टेस
